text,label,keywords,category,Unnamed: 4
Does anyone have recommendations for tennis practice gear?,non_educational,"tennis practice, sports & fitness, lifestyle",Sports & Fitness,
Advanced Artificial Intelligence relies heavily on the implementation of Large language models.,educational,"large language models, artificial intelligence, tech",Artificial Intelligence,
"Understand probability distributions: normal, binomial, and Poisson.",educational,"probability, distributions, statistics, mathematics",Mathematics,
Professionals in Cybersecurity frequently use Ethical hacking to solve complex technical challenges.,educational,"ethical hacking, cybersecurity, tech",Cybersecurity,
Democracy ensures citizens have the right to vote.,educational,"politics,law,rights",humanities,
Advanced Networking relies heavily on the implementation of Wireless security.,educational,"wireless security, networking, tech",Networking,
Started learning calligraphy to improve handwriting and creativity.,non-educational,"calligraphy, handwriting, art, hobby",Art & Craft ,
My new nail art design is š??š??,non_educational,"nails, beauty, fashion",Fashion,
Learn the basics of graph theory and its applications in computer science.,educational,"graph theory, computer science, nodes, edges",Computer Science,
Learn the process of mitosis and meiosis in cell division.,educational,"mitosis, meiosis, biology, cells",Biology,
Professionals in Software Engineering frequently use Unit testing to solve complex technical challenges.,educational,"unit testing, software engineering, tech",Software Engineering,
The sum of angles in a triangle is 180 degrees.,educational,"math,geometry,angles",science,
Budgeting helps track income and expenses.,educational,"finance,management,budget",commerce,
The French Revolution began in 1789 and led to the end of the monarchy in France.,educational,"history, revolution, France",History,
Learn about biodiversity hotspots and their preservation.,educational,"biodiversity, hotspots, conservation, ecology",Environmental Science,
Planted saplings in the neighborhood for a greener community.,non-educational,"planting, trees, environment, community",Lifestyle & Environment,
Learn about the water cycle and its importance for life on Earth.,educational,"water cycle, evaporation, condensation, precipitation",Environmental Science,
"Feeling under the weather today, might be catching a cold.",non-educational,"cold, health, feeling sick, illness",Health,
Advanced Networking relies heavily on the implementation of OSI model layers.,educational,"osi model layers, networking, tech",Networking,
I spent my weekend interior design ideas and it was incredibly relaxing.,non_educational,"interior design ideas, lifestyle, lifestyle",Lifestyle,
Learn the basic rules of English grammar and composition.,educational,"grammar, English, writing, composition",Language Studies,
Enjoying coffee with friends ā??ā¯¤ļø¸,non_educational,"coffee, friends, lifestyle",Social,
Cybersecurity protects data from unauthorized access.,educational,"cybersecurity,technology,network",technology,
Just started a new hobby in nature specifically focusing on gardening.,non_educational,"gardening, nature, lifestyle",Nature,
Understand motion in one and two dimensions in mechanics.,educational,"motion, mechanics, physics, kinematics",Physics,
Learn how plants adapt to different environments for survival.,educational,"plants, adaptation, environment, biology",Biology,
Understanding Network security is a core requirement for any Cybersecurity curriculum.,educational,"network security, cybersecurity, tech",Cybersecurity,
Understanding Reinforcement learning is a core requirement for any Artificial Intelligence curriculum.,educational,"reinforcement learning, artificial intelligence, tech",Artificial Intelligence,
"In Software Engineering, Design patterns provides the framework for building secure and efficient systems.",educational,"design patterns, software engineering, tech",Software Engineering,
Does anyone have recommendations for gardening gear?,non_educational,"gardening, nature, lifestyle",Nature,
A bar graph displays data using rectangular bars.,educational,"statistics,math,graph",science,
Professionals in Cybersecurity frequently use Firewall configurations to solve complex technical challenges.,educational,"firewall configurations, cybersecurity, tech",Cybersecurity,
I love the feeling of national parks during the early morning hours.,non_educational,"national parks, nature, lifestyle",Nature,
"Watched a thriller series on Netflix, plot twists everywhere.",non-educational,"thriller, Netflix, series, binge-watch",Entertainment,
Sorting algorithms like quicksort and mergesort are efficient.,educational,"programming,algorithms",technical,
Learn about the periodic table and element classification.,educational,"periodic table, elements, chemistry, classification",Chemistry,
Watched a live ballet performance with breathtaking choreography.,non-educational,"ballet, performance, live, entertainment",Arts,
A paragraph should focus on one central idea.,educational,"english,writing,grammar",language,
Advanced Software Engineering relies heavily on the implementation of Microservices architecture.,educational,"microservices architecture, software engineering, tech",Software Engineering,
Introduction to Python libraries like NumPy and Pandas for data analysis.,educational,"Python, NumPy, Pandas, data analysis, programming",Programming,
Visited a botanical garden to see seasonal flowers.,non-educational,"botanical garden, flowers, nature, visit",Travel & Nature ,
Advanced Data Science relies heavily on the implementation of Big data processing.,educational,"big data processing, data science, tech",Data Science,
Adopted a stray kitten yesterday; she's still a bit shy but very sweet.,non_educational,"pets, kitten, personal",Pets,
Compiler converts source code into machine code.,educational,"programming,compiler,language",technology,
Visited a theme park and tried all the roller coasters.,non-educational,"theme park, roller coasters, adventure, travel",Travel & Entertainment,
Watched an inspiring TED Talk on innovation.,non-educational,"TED Talk, innovation, ideas, learning",Lifestyle & Education,
The earthā??s atmosphere has multiple layers including troposphere and stratosphere.,educational,"geography,earth,climate",science,
The Earth revolves around the Sun once every 365 days.,educational,"astronomy,earth",academic,
Learn how to solve quadratic equations step by step.,educational,"quadratic equations, algebra, mathematics, solving",Mathematics,
Bought a new gaming console and played multiplayer games online.,non-educational,"gaming console, multiplayer, games, technology",Entertainment & Gaming ,
I love the feeling of oil painting during the early morning hours.,non_educational,"oil painting, arts & crafts, lifestyle",Arts & Crafts,
Explore the importance of biodiversity in ecosystems.,educational,"biodiversity, ecosystems, environment, conservation",Environmental Science,
A firewall is a network security system that monitors and controls incoming and outgoing network traffic.,educational,"security, firewall, network",Information Security,
My morning run in the park energized me for the whole day.,non-educational,"running, park, morning, exercise",Health,
Learn about chemical kinetics and reaction rates in chemistry.,educational,"chemical kinetics, reaction rates, chemistry",Chemistry,
Went cycling along a scenic trail in the countryside.,non-educational,"cycling, trail, countryside, adventure",Lifestyle & Travel ,
"Exploring Paris for the first time, the Eiffel Tower is breathtaking.",non-educational,"Paris, Eiffel Tower, travel, sightseeing",Travel,
Tried making different latte art designs at home.,non-educational,"latte art, coffee, home, hobby",Food & Lifestyle ,
Study the chemical reactions involved in photosynthesis.,educational,"photosynthesis, chemical reactions, biology, plants",Biology ,
The mean is the sum of all data divided by total number of data points.,educational,"statistics,math,average",science,
Budget constraints limit production choices in economics.,educational,"economics,finance,management",commerce,
Does anyone have recommendations for rock climbing gear?,non_educational,"rock climbing, sports & fitness, lifestyle",Sports & Fitness,
Study the causes and effects of deforestation and conservation efforts.,educational,"deforestation, conservation, environment, biology",Environmental Science,
The local lifestyle group is meeting tomorrow to discuss meditation.,non_educational,"meditation, lifestyle, lifestyle",Lifestyle,
"Learn about renewable energy sources: solar, wind, and hydro power.",educational,"renewable energy, solar, wind, hydro, environment",Environmental Science ,
Started learning 3D modeling with Blender software.,non-educational,"3D modeling, Blender, art, design",Technology & Art,
Watched a live orchestra perform classical symphonies.,non-educational,"orchestra, symphony, music, live",Music & Art,
Started coding daily challenges to improve logic.,non-educational,"coding, practice, logic, learning",Technology & Skill,
Introduction to probability and statistics concepts.,educational,"probability, statistics, mathematics, data",Mathematics,
The Renaissance marked the transition from medieval to modern Europe.,educational,"history,renaissance,culture",humanities,
Understand the working of hydraulic machines and systems.,educational,"hydraulics, machines, physics, engineering",Mechanical Engineering,
Encryption is the process of converting information or data into a code to prevent unauthorized access.,educational,"security, encryption, cybersecurity",Technology & Security,
Professionals in Artificial Intelligence frequently use Reinforcement learning to solve complex technical challenges.,educational,"reinforcement learning, artificial intelligence, tech",Artificial Intelligence,
Study the key events and outcomes of World War I.,educational,"World War I, history, global conflict, nations",History,
"The new open-world RPG game is finally out today, so excited to play!",non_educational,"gaming, video games, fun",Gaming,
Professionals in Data Science frequently use Big data processing to solve complex technical challenges.,educational,"big data processing, data science, tech",Data Science,
Introduction to algorithms and problem-solving techniques in programming.,educational,"algorithms, programming, problem-solving, computer science",Computer Science,
Started taking evening walks for relaxation.,non-educational,"walking, relaxation, health, fitness",Lifestyle & Health,
Explored a new hiking trail in the nearby national park.,non-educational,"hiking, trail, national park, adventure",Travel & Nature,
Learn the structure and functions of plant cells.,educational,"plant cells, biology, structure, function",Biology ,
"The CPU, or Central Processing Unit, is the primary component of a computer that performs instructions.",educational,"hardware, CPU, computer",Computer Science,
Recursion occurs when a function calls itself as a subroutine.,educational,"programming, recursion, computer science",Programming,
"Had a great spa day, feeling refreshed š???ā?¨ā??ļø¸",non_educational,"spa, selfcare, wellness",Lifestyle,
Understanding Load balancing techniques is a core requirement for any Networking curriculum.,educational,"load balancing techniques, networking, tech",Networking,
Just posted a selfie from todayā??s event!,non_educational,"social media,personal",social,
Learn the principles of sustainable agriculture and organic farming.,educational,"sustainable agriculture, organic farming, environment, biology",Environmental Science,
Joined a cooking class to learn authentic Italian pasta recipes.,non-educational,"cooking class, pasta, Italian, food",Food & Drink,
Understand how fossils reveal Earth's prehistoric life.,educational,"fossils, paleontology, earth, life",Earth Science,
"In Software Engineering, Object-oriented design provides the framework for building secure and efficient systems.",educational,"object-oriented design, software engineering, tech",Software Engineering,
Attended a wine tasting event and learned about different varieties.,non-educational,"wine tasting, event, drinks, experience",Food & Drink,
Started a bullet journal to organize daily tasks and goals.,non-educational,"bullet journal, organization, planning, lifestyle",Lifestyle ,
Learn the basics of chemical bonding: ionic and covalent bonds.,educational,"chemical bonding, ionic, covalent, chemistry",Chemistry,
Bought a new set of watercolor paints and started painting landscapes.,non-educational,"watercolor, painting, landscapes, art",Art & Hobby ,
Bought new indoor plants to enhance home décor.,non-educational,"indoor plants, home decor, lifestyle",Lifestyle & Home,
Professionals in Networking frequently use BGP routing to solve complex technical challenges.,educational,"bgp routing, networking, tech",Networking,
Photosynthesis converts light into energy stored in glucose.,educational,"biology,plants,energy",science,
"In Networking, Load balancing techniques provides the framework for building secure and efficient systems.",educational,"load balancing techniques, networking, tech",Networking,
The local nature group is meeting tomorrow to discuss camping trips.,non_educational,"camping trips, nature, lifestyle",Nature,
I spent my weekend vegetarian cooking and it was incredibly relaxing.,non_educational,"vegetarian cooking, food & drink, lifestyle",Food & Drink,
Attended a poetry reading event at a local café.,non-educational,"poetry, reading, event, literature",Art & Culture,
Understanding Computer vision is a core requirement for any Artificial Intelligence curriculum.,educational,"computer vision, artificial intelligence, tech",Artificial Intelligence,
Visited a wildlife sanctuary to observe rare bird species.,non-educational,"wildlife, birds, sanctuary, travel",Travel & Nature,
Does anyone have recommendations for photography of landscapes gear?,non_educational,"photography of landscapes, arts & crafts, lifestyle",Arts & Crafts,
Study the relationship between genes and inherited traits.,educational,"genes, inheritance, genetics, biology",Biology,
Introduction to SQL queries and database management.,educational,"SQL, databases, programming, data",Computer Science ,
"Just bought the new iPhone 15, the camera is amazing!",non-educational,"iPhone, camera, smartphone, review",Technology,
Started collecting vintage postcards from different countries.,non-educational,"postcards, collection, vintage, hobby",Lifestyle & Hobby ,
Started baking artisan bread using sourdough starter.,non-educational,"baking, sourdough, bread, food",Food & Lifestyle,
Learn how economic inflation affects purchasing power.,educational,"inflation, economy, purchasing power, finance",Economics,
The study of Statistical modeling is critical for mastering Data Science in modern engineering.,educational,"statistical modeling, data science, tech",Data Science,
I spent my weekend rock climbing and it was incredibly relaxing.,non_educational,"rock climbing, sports & fitness, lifestyle",Sports & Fitness,
Leadership involves influencing and guiding a group.,educational,"leadership,skills,management",skills,
Participated in a 5K charity run for health awareness.,non-educational,"charity run, fitness, health, event",Health & Fitness,
I love the feeling of sketching in the park during the early morning hours.,non_educational,"sketching in the park, arts & crafts, lifestyle",Arts & Crafts,
I spent my weekend trying a new pasta recipe and it was incredibly relaxing.,non_educational,"trying a new pasta recipe, food & drink, lifestyle",Food & Drink,
Started growing herbs and vegetables on my balcony.,non-educational,"herbs, vegetables, gardening, balcony",Lifestyle & Home ,
Doggo enjoying his walk š? ¶ā¯¤ļø¸,non_educational,"dog, pet, walk",Lifestyle,
I spent my weekend national parks and it was incredibly relaxing.,non_educational,"national parks, nature, lifestyle",Nature,
The local sports & fitness group is meeting tomorrow to discuss rock climbing.,non_educational,"rock climbing, sports & fitness, lifestyle",Sports & Fitness,
Study basic probability distributions and their real-world uses.,educational,"probability, statistics, distribution, data",Mathematics,
"Adopted a golden retriever puppy, so cute and playful!",non-educational,"puppy, golden retriever, pet, adoption",Lifestyle,
The study of Penetration testing is critical for mastering Cybersecurity in modern engineering.,educational,"penetration testing, cybersecurity, tech",Cybersecurity,
Neural networks are inspired by the human brain.,educational,"ai,neural networks",technical,
Attended an exhibition on smart home innovations.,non-educational,"smart home, exhibition, technology, innovation",Technology & Lifestyle,
The local food & drink group is meeting tomorrow to discuss vegetarian cooking.,non_educational,"vegetarian cooking, food & drink, lifestyle",Food & Drink,
Joined a local community gardening project to grow vegetables.,non-educational,"community gardening, vegetables, project, lifestyle",Lifestyle & Environment ,
Taking a road trip along the California coast this weekend.,non-educational,"road trip, California, travel, coast",Travel,
Study the formation of mountains and volcanoes.,educational,"mountains, volcanoes, geology, earth science",Earth Science,
New haircut ā?? new me š???ā?¨ā??ļø¸,non_educational,"haircut, fashion, beauty",Lifestyle,
Learn about Renaissance art and its influence on modern culture.,educational,"Renaissance, art, culture, history",History,
"Started learning to play the guitar, enjoying the process so far.",non-educational,"guitar, music, learning, hobby",Music,
Study the global distribution of deserts and rainfall patterns.,educational,"deserts, geography, rainfall, climate",Geography,
Learn to calculate the area and perimeter of geometric shapes.,educational,"geometry, area, perimeter, mathematics",Mathematics,
Professionals in Cybersecurity frequently use Network security to solve complex technical challenges.,educational,"network security, cybersecurity, tech",Cybersecurity,
Just started a new hobby in food & drink specifically focusing on trying a new pasta recipe.,non_educational,"trying a new pasta recipe, food & drink, lifestyle",Food & Drink,
Cellular respiration is the process by which cells break down glucose to produce energy.,educational,"biology, cells, energy",Biology,
I love the feeling of hiking in the mountains during the early morning hours.,non_educational,"hiking in the mountains, nature, lifestyle",Nature,
Understand the basic architecture of computer CPUs.,educational,"CPU, architecture, computer science, hardware",Technology,
I love the feeling of morning yoga routine during the early morning hours.,non_educational,"morning yoga routine, lifestyle, lifestyle",Lifestyle,
Just started a new hobby in lifestyle specifically focusing on pet care and training.,non_educational,"pet care and training, lifestyle, lifestyle",Lifestyle,
Visited a theme park and enjoyed all the rides.,non-educational,"theme park, rides, travel, adventure",Travel & Entertainment ,
Bought eco-friendly products to reduce plastic usage.,non-educational,"eco-friendly, plastic-free, sustainability",Lifestyle & Environment,
Does anyone have recommendations for national parks gear?,non_educational,"national parks, nature, lifestyle",Nature,
Just started a new hobby in sports & fitness specifically focusing on local football matches.,non_educational,"local football matches, sports & fitness, lifestyle",Sports & Fitness,
Understand the greenhouse effect and carbon footprint reduction.,educational,"greenhouse effect, carbon footprint, climate change, sustainability",Environmental Science,
Professionals in Data Science frequently use SQL database management to solve complex technical challenges.,educational,"sql database management, data science, tech",Data Science,
Understanding Genetic algorithms is a core requirement for any Artificial Intelligence curriculum.,educational,"genetic algorithms, artificial intelligence, tech",Artificial Intelligence,
Study the industrial uses of metals and alloys.,educational,"metals, alloys, industry, chemistry",Chemistry,
Binary search is an efficient algorithm for finding an item from a sorted list of items.,educational,"algorithms, computer science, programming",Computer Science,
Visited a local art gallery showcasing contemporary paintings.,non-educational,"art gallery, paintings, contemporary, visit",Art & Lifestyle,
Advanced Software Engineering relies heavily on the implementation of Unit testing.,educational,"unit testing, software engineering, tech",Software Engineering,
Study the respiratory system and gas exchange in humans.,educational,"respiratory system, biology, human body, oxygen",Biology,
Started journaling daily to improve mental clarity and reflection.,non-educational,"journaling, mental health, reflection, hobby",Lifestyle,
Joined an online gaming tournament for strategy games.,non-educational,"online gaming, tournament, strategy, competition",Entertainment & Gaming,
Learn about renewable materials and sustainable design.,educational,"sustainability, renewable, design, environment",Environmental Science,
Bought a new bicycle and went for a long ride along the coastline.,non-educational,"bicycle, ride, coast, travel",Lifestyle & Adventure ,
"The Magna Carta, signed in 1215, is one of the most important documents in history.",educational,"history, law, Magna Carta",History,
"In Networking, Wireless security provides the framework for building secure and efficient systems.",educational,"wireless security, networking, tech",Networking,
"Learn about fractions, decimals, and percentages in mathematics.",educational,"fractions, decimals, percentages, mathematics",Mathematics,
Understand population genetics and natural selection.,educational,"genetics, natural selection, biology",Biology,
"Watched a live theater play, the actors were phenomenal.",non-educational,"theater, play, performance, entertainment",Entertainment,
"Study the major revolutions in world history: American, French, Russian.",educational,"revolutions, history, world, events",History ,
I spent my weekend morning yoga routine and it was incredibly relaxing.,non_educational,"morning yoga routine, lifestyle, lifestyle",Lifestyle,
Professionals in Software Engineering frequently use Object-oriented design to solve complex technical challenges.,educational,"object-oriented design, software engineering, tech",Software Engineering,
Started a home brewing project to make craft beer.,non-educational,"home brewing, craft beer, hobby, drinks",Food & Drink,
An API allows different software applications to communicate and share data with each other.,educational,"API, software, integration",Software Engineering,
"Operating systems manage processes, memory, and devices.",educational,"os,computer,system",technology,
"The new iPhone reveal was interesting, but I might stick with my current model for another year.",non_educational,"iphone, smartphone, tech",Technology,
Just finished baking a batch of chocolate chip cookies for the neighbors!,non_educational,"baking, cookies, food",Food & Drink,
Study the human digestive system and its key functions.,educational,"digestive system, human body, biology",Biology,
Going on a trip with friends this weekend!,non_educational,"travel,friends,personal",personal,
Started learning digital painting using a graphics tablet.,non-educational,"digital painting, graphics tablet, art, hobby",Art & Technology,
I spent my weekend tennis practice and it was incredibly relaxing.,non_educational,"tennis practice, sports & fitness, lifestyle",Sports & Fitness,
Watched a musical theater show downtown.,non-educational,"musical, theater, entertainment, performance",Arts & Culture,
Attended a local craft fair to buy handmade jewelry and decor.,non-educational,"craft fair, handmade, jewelry, decor",Lifestyle & Art ,
Watched a documentary on space exploration and astronomy.,non-educational,"documentary, space, astronomy, science",Entertainment & Science ,
"In Software Engineering, Unit testing provides the framework for building secure and efficient systems.",educational,"unit testing, software engineering, tech",Software Engineering,
Started a keto diet to improve my health and energy.,non-educational,"keto, diet, health, nutrition",Health,
Started making resin jewelry as a creative hobby.,non-educational,"resin art, jewelry, craft, creativity",Art & Hobby,
"Introduction to basic chemistry: atoms, molecules, and compounds.",educational,"chemistry, atoms, molecules, compounds",Chemistry,
Joined an online chess club to play weekly matches.,non-educational,"chess, online club, strategy, game",Games & Hobby ,
Learn about chemical equilibrium and Le Chatelier's principle.,educational,"chemical equilibrium, Le Chatelier's, chemistry, reactions",Chemistry,
Learn about the digestive enzymes and their functions in the human body.,educational,"enzymes, digestion, biology, human body",Biology,
Probability can be represented as a fraction or decimal.,educational,"math,statistics,probability",science,
I love the feeling of marathon training during the early morning hours.,non_educational,"marathon training, sports & fitness, lifestyle",Sports & Fitness,
I love the feeling of beach sunsets during the early morning hours.,non_educational,"beach sunsets, nature, lifestyle",Nature,
Canā??t stop laughing at this reel š???š???,non_educational,"reel, funny, trend",Humor,
Joined a yoga class at the community center for mindfulness.,non-educational,"yoga, class, mindfulness, fitness",Health & Fitness,
Bought indoor plants to enhance home air quality.,non-educational,"indoor plants, home, air quality, decor",Lifestyle & Environment,
Blockchain ensures transparency and security in transactions.,educational,"blockchain,technology,security",technology,
Introduction to computer algorithms: sorting and searching techniques.,educational,"algorithms, sorting, searching, computer science",Computer Science,
"Introduction to Python functions, loops, and conditionals.",educational,"Python, programming, functions, loops, conditionals",Programming ,
Does anyone have recommendations for interior design ideas gear?,non_educational,"interior design ideas, lifestyle, lifestyle",Lifestyle,
Water boils at 100Ā°C under standard atmospheric pressure.,educational,"chemistry,boiling,temperature",science,
"Attended a live concert of my favorite band, incredible energy!",non-educational,"concert, live, band, music",Entertainment,
Understand Newton's laws and their applications in real life.,educational,"Newton, laws, physics, applications",Physics,
Advanced Networking relies heavily on the implementation of TCP/IP suite.,educational,"tcp/ip suite, networking, tech",Networking,
Learn the importance of wetlands and water conservation.,educational,"wetlands, conservation, environment, sustainability",Environmental Science,
Study the solar system and characteristics of planets.,educational,"solar system, planets, astronomy, science",Physics,
Sound waves require a medium for propagation.,educational,"physics,sound,waves",science,
"Installed a new gaming PC, graphics and speed are amazing.",non-educational,"gaming, PC, graphics, hardware",Technology,
"In Cybersecurity, Encryption protocols provides the framework for building secure and efficient systems.",educational,"encryption protocols, cybersecurity, tech",Cybersecurity,
"A balanced diet includes carbohydrates, proteins, and fats.",educational,"nutrition,health,food",skills,
Artificial Intelligence enables machines to learn from data.,educational,"ai,machine learning,technology",technical,
Study the evolution of language and its cultural influences.,educational,"linguistics, evolution, culture, language",Linguistics,
The boiling point of water is 100Ā°C at sea level.,educational,"science,chemistry",academic,
Went to a food festival and tried dishes from multiple cultures.,non-educational,"food festival, dishes, travel, experience",Food & Travel ,
"Trigonometric ratios include sine, cosine, and tangent.",educational,"math,trigonometry,angles",science,
Learn about key figures in the American Civil Rights Movement.,educational,"civil rights, history, America, equality",History,
The local lifestyle group is meeting tomorrow to discuss interior design ideas.,non_educational,"interior design ideas, lifestyle, lifestyle",Lifestyle,
I spent my weekend minimalist living and it was incredibly relaxing.,non_educational,"minimalist living, lifestyle, lifestyle",Lifestyle,
Study the impact of the Industrial Revolution on labor systems.,educational,"Industrial Revolution, labor, economy, history",History & Economics,
Had the best sushi at Tokyo Diner last night.,non-educational,"sushi, restaurant, Tokyo Diner, dinner",Lifestyle,
Probability measures the likelihood of an event occurring.,educational,"math,statistics,probability",science,
The study of RESTful APIs is critical for mastering Software Engineering in modern engineering.,educational,"restful apis, software engineering, tech",Software Engineering,
Cloud computing enables on-demand data storage.,educational,"cloud,technology,data",technology,
Does anyone have recommendations for baking sourdough bread gear?,non_educational,"baking sourdough bread, food & drink, lifestyle",Food & Drink,
"Listened to the new album by Taylor Swift, every song is a hit!",non-educational,"Taylor Swift, album, music, review",Entertainment,
The local arts & crafts group is meeting tomorrow to discuss diy home decor.,non_educational,"diy home decor, arts & crafts, lifestyle",Arts & Crafts,
Object-oriented programming focuses on classes and objects.,educational,"oop,programming",technical,
Machine learning is a subset of artificial intelligence.,educational,"ai,machine learning,technology",technical,
Learn about the structure and function of the nervous system.,educational,"nervous system, neurons, brain, biology",Biology,
"Study ancient civilizations: Mesopotamia, Egypt, and Indus Valley.",educational,"civilizations, ancient, history, culture",History,
"Started learning photography, enjoying capturing moments.",non-educational,"photography, camera, hobby, learning",Lifestyle,
Professionals in Cybersecurity frequently use Encryption protocols to solve complex technical challenges.,educational,"encryption protocols, cybersecurity, tech",Cybersecurity,
Object-Oriented Programming (OOP) is a paradigm based on the concept of 'objects' containing data and code.,educational,"programming, OOP, software",Programming,
Started meditation sessions for stress relief and mental focus.,non-educational,"meditation, stress relief, mindfulness, health",Health & Wellness,
The human heart has four chambers.,educational,"biology,anatomy",academic,
Started a small aquarium with tropical fish at home.,non-educational,"aquarium, tropical fish, hobby, home",Pets & Lifestyle ,
The study of Malware analysis is critical for mastering Cybersecurity in modern engineering.,educational,"malware analysis, cybersecurity, tech",Cybersecurity,
Watching a comedy show tonight!,non_educational,"entertainment,fun",entertainment,
Understanding Natural language processing is a core requirement for any Artificial Intelligence curriculum.,educational,"natural language processing, artificial intelligence, tech",Artificial Intelligence,
Professionals in Cybersecurity frequently use Vulnerability assessment to solve complex technical challenges.,educational,"vulnerability assessment, cybersecurity, tech",Cybersecurity,
The local sports & fitness group is meeting tomorrow to discuss swimming laps.,non_educational,"swimming laps, sports & fitness, lifestyle",Sports & Fitness,
Advanced Artificial Intelligence relies heavily on the implementation of Computer vision.,educational,"computer vision, artificial intelligence, tech",Artificial Intelligence,
"A blockchain is a decentralized, distributed ledger that records transactions across many computers.",educational,"blockchain, technology, crypto",FinTech,
Newtonā??s laws explain motion in classical mechanics.,educational,"physics,mechanics",academic,
The local arts & crafts group is meeting tomorrow to discuss pottery workshops.,non_educational,"pottery workshops, arts & crafts, lifestyle",Arts & Crafts,
"Ordered a custom-made birthday cake, it looks delicious!",non-educational,"birthday cake, custom, dessert, order",Lifestyle,
"In Networking, DNS resolution process provides the framework for building secure and efficient systems.",educational,"dns resolution process, networking, tech",Networking,
Introduction to machine learning concepts and supervised learning.,educational,"machine learning, supervised learning, AI, computer science",Computer Science,
Professionals in Artificial Intelligence frequently use Neural networks to solve complex technical challenges.,educational,"neural networks, artificial intelligence, tech",Artificial Intelligence,
Started learning photography composition techniques.,non-educational,"photography, composition, learning, art",Art & Photography,
I spent my weekend coffee brewing techniques and it was incredibly relaxing.,non_educational,"coffee brewing techniques, food & drink, lifestyle",Food & Drink,
I love the feeling of diy home decor during the early morning hours.,non_educational,"diy home decor, arts & crafts, lifestyle",Arts & Crafts,
Study human anatomy: skeletal and muscular systems.,educational,"human anatomy, skeletal system, muscular system, biology",Biology ,
Blockchain ensures secure digital transactions.,educational,"blockchain,technology",technical,
Learn how data encryption secures digital communication.,educational,"encryption, cybersecurity, communication, technology",Information Security,
Tried baking a layered chocolate cake for a friend?s birthday.,non-educational,"baking, cake, food, celebration",Food & Lifestyle,
I spent my weekend knitting a sweater and it was incredibly relaxing.,non_educational,"knitting a sweater, arts & crafts, lifestyle",Arts & Crafts,
Databases can be relational or non-relational.,educational,"database,sql,nosql",technology,
Understand the properties of light and color in physics.,educational,"light, color, physics, optics",Physics,
I love the feeling of pet care and training during the early morning hours.,non_educational,"pet care and training, lifestyle, lifestyle",Lifestyle,
Understand the importance of cybersecurity in digital systems.,educational,"cybersecurity, networks, digital, protection",Technology & Security,
"New outfit, new confidence!",non_educational,"fashion,personal",social,
Took a pottery class and made a handmade vase for decoration.,non-educational,"pottery, class, handmade, art",Art & Craft,
Understand the basics of object-oriented programming in Python.,educational,"OOP, Python, classes, objects, programming",Programming,
The local nature group is meeting tomorrow to discuss gardening.,non_educational,"gardening, nature, lifestyle",Nature,
Communication is more effective with empathy and clarity.,educational,"communication,skills,soft skills",skills,
Bought a smartwatch to track my fitness and sleep patterns.,non-educational,"smartwatch, fitness, sleep, technology",Technology,
"Learn about global trade, imports, and exports in economics.",educational,"global trade, imports, exports, economics",Economics,
Had a great time at the party last night!,non_educational,"fun,event",social,
The study of DNS resolution process is critical for mastering Networking in modern engineering.,educational,"dns resolution process, networking, tech",Networking,
Bought wireless earbuds with noise cancellation.,non-educational,"earbuds, technology, audio, lifestyle",Technology & Lifestyle,
Started a collection of rare comic books from vintage series.,non-educational,"comic books, collection, vintage, hobby",Art & Entertainment,
"Just completed a marathon, feeling exhausted but accomplished!",non-educational,"marathon, running, exercise, achievement",Health,
The time complexity of binary search is O(log n).,educational,"algorithm,complexity,search",technology,
Learn about probability and combinatorics in mathematics.,educational,"probability, combinatorics, mathematics",Mathematics,
Went on a photography trip to capture landscapes at sunrise.,non-educational,"photography, landscapes, sunrise, travel",Travel & Hobby,
Started sketching portraits using graphite pencils.,non-educational,"sketching, portraits, art, creativity",Art & Hobby,
The local lifestyle group is meeting tomorrow to discuss morning yoga routine.,non_educational,"morning yoga routine, lifestyle, lifestyle",Lifestyle,
My favorite food is pizza!,non_educational,"food,personal",social,
Atoms are the basic units of matter.,educational,"chemistry,science",academic,
Professionals in Data Science frequently use Pandas and NumPy to solve complex technical challenges.,educational,"pandas and numpy, data science, tech",Data Science,
I spent my weekend bird watching and it was incredibly relaxing.,non_educational,"bird watching, nature, lifestyle",Nature,
Study animal adaptation and survival in different climates.,educational,"animal adaptation, evolution, biology",Biology,
Understand the basics of blockchain and cryptocurrency systems.,educational,"blockchain, crypto, decentralized, finance",Technology,
I love the feeling of bird watching during the early morning hours.,non_educational,"bird watching, nature, lifestyle",Nature,
"In Data Science, Linear regression provides the framework for building secure and efficient systems.",educational,"linear regression, data science, tech",Data Science,
Just started a new hobby in arts & crafts specifically focusing on oil painting.,non_educational,"oil painting, arts & crafts, lifestyle",Arts & Crafts,
Does anyone have recommendations for home-made pizza gear?,non_educational,"home-made pizza, food & drink, lifestyle",Food & Drink,
Understanding Vulnerability assessment is a core requirement for any Cybersecurity curriculum.,educational,"vulnerability assessment, cybersecurity, tech",Cybersecurity,
Tried a new sushi place downtown and the dragon roll was amazing!,non_educational,"food, sushi, restaurant",Food & Drink,
Rainy days make me so lazy ā??,non_educational,"rain, mood, weather",Daily Life,
Attended a local coding hackathon with friends.,non-educational,"hackathon, coding, competition, technology",Technology & Events,
Joined a local book club to discuss novels and meet new people.,non-educational,"book club, novels, discussion, hobby",Lifestyle & Education ,
The process of osmosis allows water molecules to pass through a semipermeable membrane.,educational,"biology,cell,osmosis",science,
The government just announced a new tax reform.,non_educational,"government, tax, politics",Politics,
Advanced Cybersecurity relies heavily on the implementation of Penetration testing.,educational,"penetration testing, cybersecurity, tech",Cybersecurity,
The Great Depression began in 1929.,educational,"history,economy,usa",humanities,
Planning a surprise birthday party for my sister next month.,non_educational,"party, family, planning",Personal,
Does anyone have recommendations for vegetarian cooking gear?,non_educational,"vegetarian cooking, food & drink, lifestyle",Food & Drink,
Understanding BGP routing is a core requirement for any Networking curriculum.,educational,"bgp routing, networking, tech",Networking,
Understanding RESTful APIs is a core requirement for any Software Engineering curriculum.,educational,"restful apis, software engineering, tech",Software Engineering,
Love the rain today!,non_educational,"weather,personal",social,
The mitochondria is the powerhouse of the cell.,educational,"biology,cell,science",academic,
The study of Version control with Git is critical for mastering Software Engineering in modern engineering.,educational,"version control with git, software engineering, tech",Software Engineering,
Simple interest is calculated as (PĆ?RĆ?T)/100.,educational,"math,finance,interest",commerce,
Trying new filter for my selfie š??ø,non_educational,"selfie, instagram, trend",Social,
Study the impact of the Renaissance on art and culture.,educational,"Renaissance, art, culture, history",History,
Bought a new DSLR camera to improve my photography skills.,non-educational,"DSLR, camera, photography, hobby",Technology,
"The human brain consists of cerebrum, cerebellum, and medulla.",educational,"biology,anatomy,neuroscience",science,
The local food & drink group is meeting tomorrow to discuss trying a new pasta recipe.,non_educational,"trying a new pasta recipe, food & drink, lifestyle",Food & Drink,
Understanding Data visualization is a core requirement for any Data Science curriculum.,educational,"data visualization, data science, tech",Data Science,
HTML tags define the structure of a webpage.,educational,"web,html,frontend",technology,
Started making DIY home decor projects using recycled materials.,non-educational,"DIY, home decor, recycled, hobby",Lifestyle & Craft,
The brainā??s frontal lobe controls decision-making.,educational,"biology,neuroscience,anatomy",science,
"Photosynthesis requires sunlight, chlorophyll, water, and carbon dioxide.",educational,"biology,photosynthesis,plants",science,
Learn the difference between mechanical and electromagnetic waves.,educational,"waves, physics, sound, light",Physics,
Watched a new science fiction movie with stunning visuals.,non-educational,"science fiction, movie, visuals, entertainment",Entertainment,
"In Cybersecurity, Network security provides the framework for building secure and efficient systems.",educational,"network security, cybersecurity, tech",Cybersecurity,
Learn about ecosystems and the interdependence of organisms.,educational,"ecosystems, environment, organisms, biology",Biology,
Went on a weekend road trip exploring small towns and scenic routes.,non-educational,"road trip, travel, towns, scenery",Travel & Lifestyle,
Learn about photosynthetic pigments and their role in capturing light.,educational,"photosynthetic pigments, chlorophyll, biology, plants",Biology,
Just started a new hobby in nature specifically focusing on national parks.,non_educational,"national parks, nature, lifestyle",Nature,
Learn how compilers and interpreters work in programming languages.,educational,"compilers, interpreters, programming, software",Computer Science,
Learn how artificial intelligence is used in healthcare.,educational,"AI, healthcare, technology, applications",Artificial Intelligence,
"In Data Science, Exploratory data analysis provides the framework for building secure and efficient systems.",educational,"exploratory data analysis, data science, tech",Data Science,
Learned to bake cupcakes with colorful frosting.,non-educational,"cupcakes, baking, food, hobby",Food & Drink,
Watched a new action movie with friends over the weekend.,non-educational,"movie, action, entertainment, weekend",Entertainment,
SQL stands for Structured Query Language.,educational,"database,programming",technical,
Understand Newton's three laws of motion and their applications.,educational,"Newton, laws of motion, physics, mechanics",Physics ,
"Tried this new pizza joint downtown, 10/10 would recommend š?¨?",non_educational,"pizza, restaurant, food review",Food,
The capital of Japan is Tokyo.,educational,"geography,countries",academic,
Happy Birthday to my best friend! š???š???,non_educational,"birthday, celebration, friend",Events,
Does anyone have recommendations for swimming laps gear?,non_educational,"swimming laps, sports & fitness, lifestyle",Sports & Fitness,
Vectors have both magnitude and direction.,educational,"math,physics",academic,
Understand the difference between renewable and nonrenewable resources.,educational,"renewable, nonrenewable, resources, environment",Environmental Science,
Study the stages of human development from infancy to adulthood.,educational,"human development, psychology, growth",Psychology,
Effective study techniques include spaced repetition and active recall.,educational,"learning,education,study",skills,
Learn the significance of the French Revolution in world history.,educational,"French Revolution, history, world, change",History,
Study the basic concepts of vectors and scalars in physics.,educational,"vectors, scalars, physics, mathematics",Physics,
"Tried the new Italian restaurant downtown, the pasta was delicious!",non-educational,"Italian, restaurant, pasta, food",Food & Drink ,
Understand the basics of computer memory and storage.,educational,"RAM, ROM, computer memory, data",Computer Science,
Todayā??s math class was about integration and differentiation.,educational,"math,calculus,learning",academic,
Study enzymes and their catalytic roles in metabolism.,educational,"enzymes, metabolism, biology, biochemistry",Biology,
Learn about the different types of clouds and weather patterns.,educational,"clouds, weather, meteorology, environment",Environmental Science,
"Learn the basics of trigonometry: sine, cosine, and tangent.",educational,"trigonometry, mathematics, geometry",Mathematics,
Professionals in Data Science frequently use Data visualization to solve complex technical challenges.,educational,"data visualization, data science, tech",Data Science,
Study the architecture of the human brain and nervous system.,educational,"brain, nervous system, biology, anatomy",Biology,
"Learn about acids, bases, and their indicators in chemistry experiments.",educational,"acids, bases, indicators, chemistry",Chemistry,
Learn how sensors and IoT devices connect smart systems.,educational,"IoT, sensors, smart devices, networking",Technology,
Introduction to software development lifecycle and project planning.,educational,"software development, lifecycle, programming, planning",Computer Science,
Study the major organ systems of the human body.,educational,"organ systems, human body, anatomy, biology",Biology,
Watched a thriller series and binge-watched it over the weekend.,non-educational,"thriller, series, binge-watch, entertainment",Entertainment,
Advanced Artificial Intelligence relies heavily on the implementation of Supervised learning.,educational,"supervised learning, artificial intelligence, tech",Artificial Intelligence,
Visited a modern art museum showcasing abstract sculptures.,non-educational,"museum, modern art, abstract, culture",Art & Culture,
I love the feeling of cycling routes during the early morning hours.,non_educational,"cycling routes, sports & fitness, lifestyle",Sports & Fitness,
Learn about the ethical implications of AI decision-making.,educational,"AI ethics, technology, responsibility",Artificial Intelligence,
Understanding Zero trust architecture is a core requirement for any Cybersecurity curriculum.,educational,"zero trust architecture, cybersecurity, tech",Cybersecurity,
Learn about the principles of supply and demand in economics.,educational,"supply, demand, economics, market",Economics,
Explore how financial markets operate globally.,educational,"financial markets, economy, trading, finance",Economics,
Study light refraction and reflection principles.,educational,"light, reflection, refraction, optics",Physics,
"Understand the relationship between current, voltage, and resistance.",educational,"current, voltage, resistance, electricity",Physics,
Understanding Network protocols is a core requirement for any Networking curriculum.,educational,"network protocols, networking, tech",Networking,
Visited an animal shelter and spent time with cats and dogs.,non-educational,"animal shelter, cats, dogs, pets",Pets & Lifestyle ,
Advanced Artificial Intelligence relies heavily on the implementation of Reinforcement learning.,educational,"reinforcement learning, artificial intelligence, tech",Artificial Intelligence,
"Photosynthesis requires sunlight, carbon dioxide, and water.",educational,"biology,plants",academic,
Explore the economic importance of agriculture.,educational,"agriculture, economy, production, resources",Economics,
JavaScript is the primary programming language used for creating interactive elements on websites.,educational,"javascript, web, programming",Web Development,
The local arts & crafts group is meeting tomorrow to discuss sketching in the park.,non_educational,"sketching in the park, arts & crafts, lifestyle",Arts & Crafts,
I spent my weekend home-made pizza and it was incredibly relaxing.,non_educational,"home-made pizza, food & drink, lifestyle",Food & Drink,
Joined a community dance group for weekly practice sessions.,non-educational,"dance, community, group, fitness",Music & Fitness ,
Study the basics of thermodynamics and heat transfer.,educational,"thermodynamics, heat, physics, energy",Physics,
Just started a new hobby in nature specifically focusing on hiking in the mountains.,non_educational,"hiking in the mountains, nature, lifestyle",Nature,
Study the major world trade routes and globalization patterns.,educational,"trade routes, globalization, economy, geography",Geography & Economics,
"In Networking, BGP routing provides the framework for building secure and efficient systems.",educational,"bgp routing, networking, tech",Networking,
Professionals in Software Engineering frequently use CI/CD pipelines to solve complex technical challenges.,educational,"ci/cd pipelines, software engineering, tech",Software Engineering,
Does anyone have recommendations for oil painting gear?,non_educational,"oil painting, arts & crafts, lifestyle",Arts & Crafts,
Study the main principles of microeconomics and market behavior.,educational,"microeconomics, market, principles, economics",Economics,
Understand human digestive enzymes and their functions.,educational,"digestive enzymes, biology, human body",Biology,
Learn the processes of cellular respiration and energy production.,educational,"cellular respiration, biology, energy, cells",Biology ,
Watched a sci-fi movie about time travel and AI.,non-educational,"sci-fi, movie, AI, entertainment",Entertainment & Technology,
Understand the carbon cycle and its importance for ecosystems.,educational,"carbon cycle, ecosystem, environment, biology",Environmental Science,
Plants reproduce sexually and asexually.,educational,"biology,reproduction,plants",science,
Learn about chemical bonding and molecular structure.,educational,"chemical bonding, molecules, chemistry",Chemistry,
Learn the key concepts of linear regression in data science.,educational,"linear regression, statistics, data science",Mathematics,
Just bought a new car today!,non_educational,"shopping,personal",personal,
Photosynthesis and respiration are complementary processes.,educational,"biology,plants,respiration",science,
The local food & drink group is meeting tomorrow to discuss baking sourdough bread.,non_educational,"baking sourdough bread, food & drink, lifestyle",Food & Drink,
A prime number is a natural number greater than 1 that is not a product of two smaller natural numbers.,educational,"math, numbers, arithmetic",Mathematics,
The blood circulatory system includes the heart and blood vessels.,educational,"biology,anatomy,cardiology",science,
Study the evolution of communication technologies over time.,educational,"communication, technology, evolution, media",Technology & History,
Advanced Data Science relies heavily on the implementation of SQL database management.,educational,"sql database management, data science, tech",Data Science,
Explore the history and impact of the Renaissance on modern art.,educational,"Renaissance, art history, culture, Europe",History & Art,
Photosynthesis is the process by which green plants make their own food using sunlight.,educational,"biology,plants",academic,
Learn how to design algorithms efficiently in Python.,educational,"algorithms, Python, data structures",Programming,
The study of SQL database management is critical for mastering Data Science in modern engineering.,educational,"sql database management, data science, tech",Data Science,
Understand human population growth and its global impact.,educational,"population, demographics, global, environment",Social Studies,
Attended a climate awareness event about sustainable living.,non-educational,"climate awareness, sustainability, event",Environment & Lifestyle,
Started a photography project capturing urban life.,non-educational,"photography, urban, project, hobby",Art & Lifestyle ,
Understand how population density affects urban planning.,educational,"population density, urban planning, cities",Geography & Civics,
Professionals in Data Science frequently use Exploratory data analysis to solve complex technical challenges.,educational,"exploratory data analysis, data science, tech",Data Science,
I love the feeling of local football matches during the early morning hours.,non_educational,"local football matches, sports & fitness, lifestyle",Sports & Fitness,
Watched a biography film about an influential scientist.,non-educational,"biography, film, scientist, education",Entertainment & History,
I love the feeling of interior design ideas during the early morning hours.,non_educational,"interior design ideas, lifestyle, lifestyle",Lifestyle,
"Study sound waves, frequency, and resonance in physics.",educational,"sound, waves, physics, resonance",Physics,
I love the feeling of pottery workshops during the early morning hours.,non_educational,"pottery workshops, arts & crafts, lifestyle",Arts & Crafts,
Understand how photosynthesis and respiration are interlinked.,educational,"photosynthesis, respiration, biology, plants",Biology,
Check out this new phone I bought today!,non_educational,"shopping,gadget",personal,
Learn about the basics of thermodynamics and heat transfer.,educational,"thermodynamics, heat transfer, physics, energy",Physics,
Just started a new hobby in nature specifically focusing on bird watching.,non_educational,"bird watching, nature, lifestyle",Nature,
The local nature group is meeting tomorrow to discuss national parks.,non_educational,"national parks, nature, lifestyle",Nature,
Study how circuits work in electronic devices.,educational,"circuits, electronics, devices, engineering",Physics & Engineering,
Tectonic plates are large pieces of the Earth's crust that move and cause earthquakes.,educational,"geography, geology, earth",Geography,
My new lipstick shade is just perfect for tonightā??s party š???ā?Ø,non_educational,"lipstick, party, makeup",Fashion,
Understand linear regression and correlation in data analysis.,educational,"regression, correlation, data, statistics",Data Science,
Just started a new hobby in arts & crafts specifically focusing on diy home decor.,non_educational,"diy home decor, arts & crafts, lifestyle",Arts & Crafts,
I spent my weekend diy home decor and it was incredibly relaxing.,non_educational,"diy home decor, arts & crafts, lifestyle",Arts & Crafts,
Enjoying a sunny day at the park.,non_educational,"weather,personal",social,
A paragraph should contain a topic sentence and supporting details.,educational,"english,writing,grammar",language,
Finally finished redecorating my room š?¸ ā?Ø,non_educational,"decor, home, diy",Lifestyle,
Visited a zoo to see exotic animals and birds.,non-educational,"zoo, animals, wildlife, visit",Travel & Nature,
Study the importance of biodiversity in rainforests.,educational,"rainforest, biodiversity, ecology",Environmental Science,
Study how sound waves travel through different media.,educational,"sound waves, physics, vibration, energy",Physics,
I love the feeling of home-made pizza during the early morning hours.,non_educational,"home-made pizza, food & drink, lifestyle",Food & Drink,
Understand the process of fossil formation and paleontology.,educational,"fossils, paleontology, evolution, earth",Earth Science,
Understanding Microservices architecture is a core requirement for any Software Engineering curriculum.,educational,"microservices architecture, software engineering, tech",Software Engineering,
Visited an art museum showcasing modern sculptures.,non-educational,"art museum, sculptures, exhibition, creativity",Art & Culture,
Bought a new gaming console and played multiplayer online games.,non-educational,"gaming console, multiplayer, games, technology",Entertainment,
Just started a new hobby in sports & fitness specifically focusing on swimming laps.,non_educational,"swimming laps, sports & fitness, lifestyle",Sports & Fitness,
Understand the process of urbanization and city planning.,educational,"urbanization, planning, geography, cities",Geography & Urban Studies,
The study of Data visualization is critical for mastering Data Science in modern engineering.,educational,"data visualization, data science, tech",Data Science,
Study the main causes and effects of the Industrial Revolution.,educational,"Industrial Revolution, history, causes, effects",History ,
Does anyone have recommendations for minimalist living gear?,non_educational,"minimalist living, lifestyle, lifestyle",Lifestyle,
Understand public health policies and their social impact.,educational,"public health, policies, society, healthcare",Health Science,
"Watched a stand-up comedy show online, laughed so hard!",non-educational,"comedy, show, online, laughter",Entertainment,
Understand supply chain management and logistics.,educational,"supply chain, logistics, business, management",Business & Operations,
Demand elasticity measures how demand changes with price.,educational,"economics,elasticity,market",commerce,
I spent my weekend swimming laps and it was incredibly relaxing.,non_educational,"swimming laps, sports & fitness, lifestyle",Sports & Fitness,
The process of evaporation turns liquid water into vapor.,educational,"science,water cycle",academic,
"Learn about acids, bases, and neutralization reactions in chemistry.",educational,"acids, bases, neutralization, chemistry",Chemistry,
The law of reflection states that angle of incidence equals angle of reflection.,educational,"physics,light,law",science,
Professionals in Software Engineering frequently use Version control with Git to solve complex technical challenges.,educational,"version control with git, software engineering, tech",Software Engineering,
"I just got a new hairstyle, what do you all think?",non_educational,"fashion,personal",social,
The nervous system controls body coordination.,educational,"biology,anatomy,health",science,
Visited a mountain village and learned about local culture.,non-educational,"village, culture, travel, mountains",Travel & Culture,
Feeling sleepy after lunch.,non_educational,personal,social,
Bought eco-friendly cleaning products for home use.,non-educational,"eco-friendly, cleaning, products, home",Environment,
I spent my weekend local football matches and it was incredibly relaxing.,non_educational,"local football matches, sports & fitness, lifestyle",Sports & Fitness,
Communication barriers include language and perception differences.,educational,"communication,skills,barriers",skills,
Tried sushi for the first time at a Japanese restaurant.,non-educational,"sushi, food, Japanese, restaurant",Food & Culture,
Professionals in Networking frequently use TCP/IP suite to solve complex technical challenges.,educational,"tcp/ip suite, networking, tech",Networking,
Attended an astronomy night to view stars and planets.,non-educational,"astronomy, telescope, stars, planets",Science & Hobby,
TCP/IP is the foundation of internet communication.,educational,"networking,technology",technical,
Planted organic vegetables in my backyard garden.,non-educational,"organic, vegetables, gardening, backyard",Environment,
Professionals in Networking frequently use Subnetting and IP addressing to solve complex technical challenges.,educational,"subnetting and ip addressing, networking, tech",Networking,
SQL is used to manage data in relational databases.,educational,"database,sql,programming",technical,
Learn about mobile app development fundamentals.,educational,"mobile app, development, software, programming",Computer Science,
Professionals in Data Science frequently use Linear regression to solve complex technical challenges.,educational,"linear regression, data science, tech",Data Science,
This beach sunset was magical š???,non_educational,"sunset, beach, travel",Travel,
"In Data Science, SQL database management provides the framework for building secure and efficient systems.",educational,"sql database management, data science, tech",Data Science,
Newtonā??s third law states that every action has an equal and opposite reaction.,educational,"physics,science",academic,
Learn about key historical inventions that changed the world.,educational,"inventions, technology, history, innovation",History & Science,
Understand the lifecycle of a butterfly and metamorphosis.,educational,"butterfly, metamorphosis, biology, life cycle",Biology,
Visited a zoo to learn about endangered animal species.,non-educational,"zoo, animals, endangered, education",Nature & Learning,
Started collecting vinyl records from classic rock bands.,non-educational,"vinyl records, music, collection, hobby",Music,
Just started a new hobby in lifestyle specifically focusing on minimalist living.,non_educational,"minimalist living, lifestyle, lifestyle",Lifestyle,
Started learning digital illustration using a tablet.,non-educational,"digital illustration, tablet, art, hobby",Art & Technology ,
Active listening improves communication skills.,educational,"communication,soft skills,listening",skills,
I love the feeling of swimming laps during the early morning hours.,non_educational,"swimming laps, sports & fitness, lifestyle",Sports & Fitness,
Advanced Software Engineering relies heavily on the implementation of RESTful APIs.,educational,"restful apis, software engineering, tech",Software Engineering,
Understand the carbon cycle and its environmental importance.,educational,"carbon cycle, environment, climate, ecology",Environmental Science,
I love the feeling of personal finance tips during the early morning hours.,non_educational,"personal finance tips, lifestyle, lifestyle",Lifestyle,
Started learning origami to create paper art and decorations.,non-educational,"origami, paper art, craft, hobby",Art & Craft ,
Learn the basics of probability using dice and coin experiments.,educational,"probability, mathematics, experiments, dice, coin",Mathematics,
Does anyone have recommendations for local football matches gear?,non_educational,"local football matches, sports & fitness, lifestyle",Sports & Fitness,
"Attended a live jazz concert at the local theater, amazing experience!",non-educational,"jazz, concert, live, entertainment","Music & Entertainment ""Started a new home workout routine focusing on core and strength training.""",Travel & Nature 
Tried a new recipe for homemade chocolate truffles.,non-educational,"chocolate truffles, recipe, food, cooking",Food & Drink ,
Tried kayaking on a calm lake during sunset.,non-educational,"kayaking, lake, sunset, adventure",Adventure & Nature,
Tried indoor skydiving for the first time ? thrilling experience!,non-educational,"indoor skydiving, thrill, sport, fun",Adventure & Sports,
Watched a historical drama series on streaming platforms.,non-educational,"historical drama, entertainment, streaming",Entertainment,
Trying to cook pasta ā?? wish me luck š?¨¯,non_educational,"cooking, pasta, food",Food,
Professionals in Software Engineering frequently use Microservices architecture to solve complex technical challenges.,educational,"microservices architecture, software engineering, tech",Software Engineering,
Gardening helps me relax and enjoy nature every weekend.,non-educational,"gardening, plants, hobby, nature",Lifestyle,
SQL queries can be used to fetch data from tables.,educational,"sql,database,queries",technology,
"Learn about computer networks, protocols, and data transmission.",educational,"computer networks, protocols, data, computer science",Computer Science,
"Attended a tech conference on AI and robotics, very insightful.",non-educational,"tech conference, AI, robotics, innovation",Technology,
The study of Agile methodologies is critical for mastering Software Engineering in modern engineering.,educational,"agile methodologies, software engineering, tech",Software Engineering,
The local sports & fitness group is meeting tomorrow to discuss tennis practice.,non_educational,"tennis practice, sports & fitness, lifestyle",Sports & Fitness,
Joined an online guitar course to learn basic chords.,non-educational,"guitar, music, online learning, hobby",Music & Education,
Attended a seminar on mental health awareness.,non-educational,"mental health, awareness, seminar, wellness",Health & Lifestyle,
Watched a live theater performance of a classic play.,non-educational,"theater, live performance, play, entertainment",Arts & Entertainment ,
Visited a nearby lake for paddleboarding and relaxation.,non-educational,"lake, paddleboarding, relaxation, travel",Adventure & Travel ,
Get 50% off on all products this week! Hurry up š??¨ļø¸,non_educational,"sale, discount, offer",Marketing,
The local nature group is meeting tomorrow to discuss beach sunsets.,non_educational,"beach sunsets, nature, lifestyle",Nature,
Professionals in Networking frequently use Network protocols to solve complex technical challenges.,educational,"network protocols, networking, tech",Networking,
Watched a thriller movie and binge-watched it all weekend.,non-educational,"thriller, movie, binge-watch, entertainment",Entertainment ,
Letā??s meet up for drinks tonight š?¨»,non_educational,"drinks, party, nightlife",Lifestyle,
Photosynthesis takes place in chloroplasts.,educational,"biology,plants",academic,
Advanced Software Engineering relies heavily on the implementation of Agile methodologies.,educational,"agile methodologies, software engineering, tech",Software Engineering,
"In Artificial Intelligence, Computer vision provides the framework for building secure and efficient systems.",educational,"computer vision, artificial intelligence, tech",Artificial Intelligence,
Attended a photography exhibition on street art.,non-educational,"photography, street art, exhibition, culture",Art & Lifestyle,
Learn how to apply basic HTML tags for webpage structure.,educational,"HTML, web, structure, programming",Web Development,
The study of Linear regression is critical for mastering Data Science in modern engineering.,educational,"linear regression, data science, tech",Data Science,
Watched an indie film festival screening local talent.,non-educational,"film festival, indie, local, culture",Arts & Entertainment,
Understanding Feature engineering is a core requirement for any Data Science curriculum.,educational,"feature engineering, data science, tech",Data Science,
Learn how 3D printing technology is transforming industries.,educational,"3D printing, innovation, technology, manufacturing",Engineering & Technology,
Advanced Networking relies heavily on the implementation of BGP routing.,educational,"bgp routing, networking, tech",Networking,
Yoga in the morning helps me stay calm and focused.,non-educational,"yoga, morning routine, meditation, wellness",Health,
Study the components of an electric generator.,educational,"electric generator, energy, electricity, physics",Physics,
Learn how market demand affects product pricing.,educational,"market demand, pricing, economics, business",Economics,
Understand the process of photosynthesis in plants.,educational,"photosynthesis, plants, biology, process",Biology,
Study the causes and effects of World War II.,educational,"World War II, history, causes, effects",History,
"Understand human psychology: perception, cognition, and emotion.",educational,"psychology, cognition, emotion, behavior",Psychology,
Attended a cosplay convention dressed as my favorite superhero.,non-educational,"cosplay, convention, superhero, event",Entertainment,
Data visualization helps understand complex datasets.,educational,"data,visualization,analytics",technology,
I love the feeling of camping trips during the early morning hours.,non_educational,"camping trips, nature, lifestyle",Nature,
"Watched the latest Marvel movie, the action sequences were epic.",non-educational,"Marvel, movie, action, cinema",Entertainment,
"Learn basic calculus concepts: limits, derivatives, and integrals.",educational,"calculus, mathematics, limits, derivatives",Mathematics,
Just started a new hobby in lifestyle specifically focusing on personal finance tips.,non_educational,"personal finance tips, lifestyle, lifestyle",Lifestyle,
I spent my weekend gardening and it was incredibly relaxing.,non_educational,"gardening, nature, lifestyle",Nature,
Understand the basic principles of human psychology.,educational,"psychology, behavior, mind, science",Psychology,
Visited a botanical garden to see seasonal flowers and plants.,non-educational,"botanical garden, flowers, nature, visit",Travel & Nature,
"Introduction to data structures: arrays, linked lists, and stacks.",educational,"data structures, programming, arrays, linked lists, stacks",Computer Science,
Can't wait for the concert this weekend!,non_educational,"music,concert,fun",entertainment,
SQL stands for Structured Query Language and is used for managing relational databases.,educational,"database, SQL, data",Data Science,
Attending a local music festival this weekend with some close friends.,non_educational,"music, festival, weekend",Entertainment,
"Explored the street food market, so many delicious options.",non-educational,"street food, market, food, travel",Lifestyle,
Started jogging daily to improve endurance.,non-educational,"jogging, fitness, health, endurance",Health & Lifestyle,
Just started a new hobby in nature specifically focusing on beach sunsets.,non_educational,"beach sunsets, nature, lifestyle",Nature,
"Introduction to web development using HTML, CSS, and JavaScript.",educational,"HTML, CSS, JavaScript, web development",Programming,
Learn about user interface and user experience design.,educational,"UI, UX, design, technology, usability",Design & Technology,
Bought new running shoes and started training for a 5K race.,non-educational,"running shoes, training, fitness, sports",Health & Fitness,
Listened to a podcast on personal finance and savings.,non-educational,"podcast, finance, savings, learning",Lifestyle & Education,
Just started a new hobby in food & drink specifically focusing on coffee brewing techniques.,non_educational,"coffee brewing techniques, food & drink, lifestyle",Food & Drink,
Newtonā??s laws of motion form the foundation of classical mechanics.,educational,"physics,motion,mechanics",science,
An algorithm is a set of instructions to solve a problem.,educational,"algorithm,programming",technical,
My cat is literally the cutest thing ever š? ±,non_educational,"cat, pet, animal",Lifestyle,
Tried making homemade pizza with fresh ingredients.,non-educational,"homemade pizza, cooking, food, recipe",Food & Drink ,
Does anyone have recommendations for marathon training gear?,non_educational,"marathon training, sports & fitness, lifestyle",Sports & Fitness,
Advanced Data Science relies heavily on the implementation of Data visualization.,educational,"data visualization, data science, tech",Data Science,
Visited an aquarium and saw exotic marine life up close.,non-educational,"aquarium, marine life, visit, animals",Travel & Nature,
"In Artificial Intelligence, Neural networks provides the framework for building secure and efficient systems.",educational,"neural networks, artificial intelligence, tech",Artificial Intelligence,
Learn about the nervous system and signal transmission in humans.,educational,"nervous system, neurons, biology, human body",Biology,
Economics studies how societies allocate scarce resources.,educational,"economics,commerce,society",commerce,
Playing games all night!,non_educational,"gaming,fun",entertainment,
Understand the importance of water purification methods.,educational,"water purification, environment, chemistry",Environmental Science,
Weekend vibes are on!,non_educational,"fun,personal",social,
Introduction to ethical hacking and cybersecurity fundamentals.,educational,"ethical hacking, cybersecurity, network, security",Computer Science,
Introduction to data visualization using Python and Matplotlib.,educational,"data visualization, Python, Matplotlib, programming",Computer Science,
ReactJS uses components for building user interfaces.,educational,"web,reactjs,frontend",technology,
Visited a pet adoption center and met adorable puppies and kittens.,non-educational,"pet adoption, puppies, kittens, animals",Pets,
Understand the causes of climate change and its global impact.,educational,"climate change, environment, global warming, science",Environmental Science,
This weekā??s horoscope says Iā??ll find peace š???,non_educational,"horoscope, astrology, zodiac",Spiritual,
Understanding Backpropagation is a core requirement for any Artificial Intelligence curriculum.,educational,"backpropagation, artificial intelligence, tech",Artificial Intelligence,
Tried a new fitness class combining dance and cardio.,non-educational,"fitness, dance, cardio, health",Health & Fitness,
"In Artificial Intelligence, Supervised learning provides the framework for building secure and efficient systems.",educational,"supervised learning, artificial intelligence, tech",Artificial Intelligence,
Just started a new side project using React and Firebase for a task manager app.,non_educational,"coding, side project, tech",Programming,
Tried a new mixology recipe and made cocktails at home.,non-educational,"mixology, cocktails, drinks, home",Food & Drink,
"Introduction to basic programming in Java, including loops and conditionals.",educational,"Java, programming, loops, conditionals",Programming,
"Just installed smart LED lights in my living room, they change colors automatically!",non-educational,"smart lights, home automation, LED, technology",Technology ,
"In Cybersecurity, Ethical hacking provides the framework for building secure and efficient systems.",educational,"ethical hacking, cybersecurity, tech",Cybersecurity,
Relationship goals š??¨ someday Iā??ll find someone like this.,non_educational,"relationship, love, goals",Relationships,
Understand the causes and consequences of the Industrial Revolution.,educational,"Industrial Revolution, history, causes, consequences",History,
Learn the basics of calculus: differentiation and integration.,educational,"calculus, mathematics, differentiation, integration",Mathematics,
Had coffee at a new cafĆ© today.,non_educational,"food,personal",social,
Understand the causes of deforestation and its environmental effects.,educational,"deforestation, environment, causes, effects",Environmental Science,
Feeling sleepy already š??´,non_educational,personal,social,
Study the effects of globalization on world economies.,educational,"globalization, economics, trade, markets",Economics,
Learn the basics of financial accounting and balance sheets.,educational,"accounting, balance sheet, finance, business",Finance,
Professionals in Data Science frequently use Feature engineering to solve complex technical challenges.,educational,"feature engineering, data science, tech",Data Science,
"Study chemical bonding: ionic, covalent, and metallic bonds.",educational,"chemical bonding, ionic, covalent, metallic, chemistry",Chemistry,
Just started a new hobby in food & drink specifically focusing on baking sourdough bread.,non_educational,"baking sourdough bread, food & drink, lifestyle",Food & Drink,
Introduction to HTML forms and input validation for web applications.,educational,"HTML, forms, input, web development",Programming,
Bought a new telescope and observed planets and stars in the night sky.,non-educational,"telescope, astronomy, stars, planets",Science & Technology,
Statistics helps analyze and interpret data.,educational,"math,statistics",academic,
Does anyone have recommendations for pottery workshops gear?,non_educational,"pottery workshops, arts & crafts, lifestyle",Arts & Crafts,
Started a digital scrapbook of travel memories.,non-educational,"digital scrapbook, travel, memories, hobby",Lifestyle & Technology,
Study the Pythagorean theorem and its applications in geometry.,educational,"Pythagorean theorem, geometry, mathematics, triangles",Mathematics,
"Introduction to basic web development with HTML, CSS, and JavaScript.",educational,"HTML, CSS, JavaScript, web development, programming",Programming,
Watched a comedy special on streaming platforms.,non-educational,"comedy, special, streaming, entertainment",Entertainment ,
Had a fun day shopping!,non_educational,"shopping,personal",social,
Installed solar panels at home to save on electricity bills.,non-educational,"solar panels, energy, home, sustainability",Environment,
Advanced Cybersecurity relies heavily on the implementation of Firewall configurations.,educational,"firewall configurations, cybersecurity, tech",Cybersecurity,
"Study electric fields, current, and Ohm?s law.",educational,"electricity, physics, current, Ohm's law",Physics,
Joined a digital marketing workshop for small businesses.,non-educational,"digital marketing, business, learning",Technology & Business,
Does anyone have recommendations for hiking in the mountains gear?,non_educational,"hiking in the mountains, nature, lifestyle",Nature,
A metaphor is an indirect comparison without using 'like' or 'as'.,educational,"english,literature,figure of speech",language,
Poetry uses figures of speech like simile and metaphor.,educational,"literature,poetry,english",language,
Binary search reduces search time to O(log n).,educational,"algorithm,programming",technical,
Weekend vibes only š???,non_educational,"weekend, chill, vibe",Lifestyle,
Understanding Unit testing is a core requirement for any Software Engineering curriculum.,educational,"unit testing, software engineering, tech",Software Engineering,
Understand protein synthesis from DNA to RNA translation.,educational,"protein synthesis, DNA, RNA, biology",Biology,
Introduction to the Internet of Things and smart devices.,educational,"IoT, smart devices, sensors, connectivity",Technology,
Just started a new hobby in nature specifically focusing on camping trips.,non_educational,"camping trips, nature, lifestyle",Nature,
Test drove an electric car and loved the smooth ride and features.,non-educational,"electric car, test drive, technology, vehicle",Technology,
Visited a literature fair showcasing books from global authors.,non-educational,"book fair, literature, reading, culture",Education & Culture,
Professionals in Networking frequently use Wireless security to solve complex technical challenges.,educational,"wireless security, networking, tech",Networking,
"Understand macroeconomics: inflation, GDP, and fiscal policy.",educational,"macroeconomics, GDP, inflation, finance",Economics,
Trying this viral TikTok challenge š???,non_educational,"tiktok, challenge, viral",Social Media,
Joined a weekend book reading club at the library.,non-educational,"book club, reading, library, hobby",Education & Lifestyle,
The local nature group is meeting tomorrow to discuss hiking in the mountains.,non_educational,"hiking in the mountains, nature, lifestyle",Nature,
Just started a new hobby in lifestyle specifically focusing on meditation.,non_educational,"meditation, lifestyle, lifestyle",Lifestyle,
The study of Ethical hacking is critical for mastering Cybersecurity in modern engineering.,educational,"ethical hacking, cybersecurity, tech",Cybersecurity,
Python is a high-level programming language used for machine learning and data science.,educational,"programming,python,technology",technical,
I finally built my own custom PC with an RTX 4090; the graphics are insane!,non_educational,"PC, gaming, tech",Technology,
"An essay consists of introduction, body, and conclusion.",educational,"english,writing,structure",language,
Visited a planetarium to learn about galaxies and stars.,non-educational,"planetarium, galaxies, stars, astronomy",Science & Travel,
Spent the whole morning weeding the garden and planting new roses.,non_educational,"gardening, flowers, hobby",Home & Lifestyle,
Marketing involves promoting and selling products or services.,educational,"marketing,business,commerce",commerce,
The local lifestyle group is meeting tomorrow to discuss minimalist living.,non_educational,"minimalist living, lifestyle, lifestyle",Lifestyle,
"Tried rock climbing at an indoor gym, challenging but fun.",non-educational,"rock climbing, indoor gym, fitness, adventure",Health & Fitness ,
Love this new song!,non_educational,"music,fun",entertainment,
"In Artificial Intelligence, Reinforcement learning provides the framework for building secure and efficient systems.",educational,"reinforcement learning, artificial intelligence, tech",Artificial Intelligence,
Professionals in Artificial Intelligence frequently use Backpropagation to solve complex technical challenges.,educational,"backpropagation, artificial intelligence, tech",Artificial Intelligence,
Financial literacy helps manage money wisely.,educational,"finance,skills,learning",commerce,
Study Ohm's Law and its applications in electrical circuits.,educational,"Ohm's Law, electricity, physics, circuits",Physics,
The local lifestyle group is meeting tomorrow to discuss personal finance tips.,non_educational,"personal finance tips, lifestyle, lifestyle",Lifestyle,
Self-discipline improves focus and consistency in learning.,educational,"motivation,learning,skills",skills,
"Tried baking sourdough bread at home, turned out surprisingly good.",non-educational,"baking, sourdough, home, food",Food & Drink,
Watched a historical documentary on ancient civilizations.,non-educational,"documentary, history, civilizations, learning",History & Media,
DNA carries genetic information.,educational,"biology,genetics",academic,
Visited a marine aquarium showcasing coral ecosystems.,non-educational,"aquarium, coral, marine, environment",Nature & Travel,
Had a fun beach day with my family.,non_educational,"travel,personal",social,
The atomic number represents the number of protons in an element.,educational,"chemistry,atoms,structure",science,
Just started a new hobby in lifestyle specifically focusing on morning yoga routine.,non_educational,"morning yoga routine, lifestyle, lifestyle",Lifestyle,
"In Software Engineering, Agile methodologies provides the framework for building secure and efficient systems.",educational,"agile methodologies, software engineering, tech",Software Engineering,
I love the feeling of tennis practice during the early morning hours.,non_educational,"tennis practice, sports & fitness, lifestyle",Sports & Fitness,
The supply curve slopes upward showing direct relation with price.,educational,"economics,supply,market",commerce,
Cloud computing provides on-demand delivery of IT resources over the internet with pay-as-you-go pricing.,educational,"cloud, technology, IT",Technology,
Watched a documentary on ocean pollution and conservation.,non-educational,"documentary, ocean, pollution, environment",Environment & Media,
"In Cybersecurity, Malware analysis provides the framework for building secure and efficient systems.",educational,"malware analysis, cybersecurity, tech",Cybersecurity,
Upgraded my home Wi-Fi router for faster internet.,non-educational,"Wi-Fi, router, internet, technology",Technology,
Study the functions and structure of the nervous system.,educational,"nervous system, human body, biology, neurons",Biology,
Study the anatomy and physiology of the respiratory system.,educational,"respiratory system, lungs, biology, human body",Biology,
Study human development stages from infancy to adulthood.,educational,"development, psychology, growth, behavior",Psychology,
The study of Object-oriented design is critical for mastering Software Engineering in modern engineering.,educational,"object-oriented design, software engineering, tech",Software Engineering,
Attended a meditation workshop for stress relief.,non-educational,"meditation, stress relief, wellness, workshop",Health & Lifestyle,
Visited a historical fort and learned about ancient architecture.,non-educational,"fort, history, architecture, travel",Travel & History,
Just dropped a new single ā?? link in bio š??µ,non_educational,"music, single, artist",Entertainment,
I love the feeling of vegetarian cooking during the early morning hours.,non_educational,"vegetarian cooking, food & drink, lifestyle",Food & Drink,
Plants absorb carbon dioxide and release oxygen.,educational,"biology,plants,photosynthesis",science,
Understand time management and productivity strategies.,educational,"time management, productivity, efficiency, skills",Personal Development,
Watched a documentary about street food culture around the world.,non-educational,"documentary, street food, travel, culture",Food & Travel,
"In Software Engineering, CI/CD pipelines provides the framework for building secure and efficient systems.",educational,"ci/cd pipelines, software engineering, tech",Software Engineering,
Learn about types of renewable energy systems.,educational,"renewable energy, solar, wind, power",Environmental Science,
Learn the history and culture of Ancient Greece and Rome.,educational,"Ancient Greece, Rome, history, culture",History,
Watched a documentary on extreme sports and athletes.,non-educational,"documentary, extreme sports, athletes, entertainment",Sports & Media ,
Joined a weekend sailing course at the marina.,non-educational,"sailing, weekend, course, adventure",Adventure & Sports,
A Git repository tracks changes to files and allows multiple people to collaborate on a project.,educational,"git, version control, tech",Software Engineering,
Visited a vineyard for a wine tasting tour.,non-educational,"vineyard, wine, tasting, travel",Food & Travel,
Study the circulatory system and blood components in biology.,educational,"circulatory system, blood, biology, human body",Biology,
"In Networking, OSI model layers provides the framework for building secure and efficient systems.",educational,"osi model layers, networking, tech",Networking,
Understanding Version control with Git is a core requirement for any Software Engineering curriculum.,educational,"version control with git, software engineering, tech",Software Engineering,
Just started a new hobby in food & drink specifically focusing on vegetarian cooking.,non_educational,"vegetarian cooking, food & drink, lifestyle",Food & Drink,
Visited an art gallery showcasing local painters? works.,non-educational,"art gallery, local artists, painting, culture",Art & Culture,
Photosynthesis produces oxygen as a byproduct.,educational,"biology,plants",academic,
The French Revolution started in 1789.,educational,"history,french revolution",academic,
"Watched a great movie last night, totally recommend it!",non_educational,"entertainment,movie,fun",entertainment,
Watched an inspiring biographical movie about an inventor.,non-educational,"biography, movie, inventor, entertainment",Entertainment & Inspiration,
Tried a new restaurant serving fusion cuisines.,non-educational,"restaurant, food, fusion, dining",Food & Lifestyle,
Study the process of the nitrogen cycle in ecosystems.,educational,"nitrogen cycle, ecology, environment",Environmental Science,
Just got back from the gym.,non_educational,"fitness,personal",social,
The local sports & fitness group is meeting tomorrow to discuss cycling routes.,non_educational,"cycling routes, sports & fitness, lifestyle",Sports & Fitness,
The local arts & crafts group is meeting tomorrow to discuss oil painting.,non_educational,"oil painting, arts & crafts, lifestyle",Arts & Crafts,
Visited a cultural heritage site with ancient architecture.,non-educational,"heritage, architecture, travel, culture",Travel & History,
Introduction to object-oriented programming: classes and objects in Python.,educational,"OOP, Python, classes, objects, programming",Programming,
"Study basic probability: permutations, combinations, and events.",educational,"probability, permutations, combinations, mathematics",Mathematics,
Went hiking in the mountains and camped overnight with friends.,non-educational,"hiking, mountains, camping, travel",Adventure & Travel ,
Who else is addicted to Valorant?,non_educational,"valorant, gaming",Gaming,
Learn about quadratic functions and graphing parabolas in mathematics.,educational,"quadratic functions, parabolas, mathematics, graphing",Mathematics,
Tesla stock is rising after the latest quarterly report.,non-educational,"Tesla, stock, finance, market",Finance,
Explore how sound travels and how we perceive music.,educational,"sound, acoustics, music, physics",Physics & Music,
Learn the history of the Cold War and its global impact.,educational,"Cold War, history, global, political",History ,
Watching cricket highlights now.,non_educational,"sports,entertainment",entertainment,
Joined a local volunteer group for community service.,non-educational,"volunteering, community, service, help",Lifestyle & Social Work,
Started a DIY home renovation project using eco materials.,non-educational,"DIY, home renovation, eco-friendly, lifestyle",Lifestyle & Environment,
Understand the cultural significance of world religions.,educational,"religions, culture, society, beliefs",Social Studies,
Attended a local coding meetup to discuss AI trends.,non-educational,"coding meetup, AI, technology, networking",Technology & Community,
Visited the Taj Mahal ā?? such a serene place!,non_educational,"taj mahal, travel, tourism",Travel,
Study the major types of chemical reactions.,educational,"chemical reactions, chemistry, types, energy",Chemistry,
Started gardening to grow organic vegetables at home.,non-educational,"gardening, organic, vegetables, home",Lifestyle & Environment,
Study the development of human languages through history.,educational,"linguistics, language, evolution, communication",Linguistics,
LOL that meme made my day š???,non_educational,"meme,humor",social,
Learn the fundamental laws of thermodynamics in physics.,educational,"thermodynamics, physics, energy, heat",Physics,
Learn about major world religions and their cultural impacts.,educational,"religions, culture, world, education",Social Studies,
Learn how to represent data visually using graphs and charts.,educational,"data, graphs, visualization, statistics",Mathematics & Data Science,
Study the different types of soil and their properties.,educational,"soil types, properties, earth science, environment",Environmental Science,
Just started a new hobby in sports & fitness specifically focusing on cycling routes.,non_educational,"cycling routes, sports & fitness, lifestyle",Sports & Fitness,
Cells are the structural and functional units of life.,educational,"biology,cells,science",science,
Does anyone have recommendations for coffee brewing techniques gear?,non_educational,"coffee brewing techniques, food & drink, lifestyle",Food & Drink,
Understand how machine learning algorithms classify data.,educational,"machine learning, algorithms, classification, AI",Computer Science,
Study world geography and major physical features of continents.,educational,"geography, continents, maps, earth",Geography,
Does anyone have recommendations for camping trips gear?,non_educational,"camping trips, nature, lifestyle",Nature,
"Data structures include arrays, stacks, and linked lists.",educational,"programming,data structure,cs",technology,
The speed of light is approximately 3Ć?10^8 m/s.,educational,"physics,light",academic,
Attended a wedding today ā?? everything was so beautiful š??¨,non_educational,"wedding, marriage, celebration",Events,
Just started a new hobby in arts & crafts specifically focusing on pottery workshops.,non_educational,"pottery workshops, arts & crafts, lifestyle",Arts & Crafts,
Explore Newton's laws of motion and their applications.,educational,"Newton, laws of motion, physics, mechanics",Physics,
Attended a robotics competition showcasing student innovations.,non-educational,"robotics, competition, technology, innovation",Science & Technology,
Professionals in Cybersecurity frequently use Penetration testing to solve complex technical challenges.,educational,"penetration testing, cybersecurity, tech",Cybersecurity,
Understanding DNS resolution process is a core requirement for any Networking curriculum.,educational,"dns resolution process, networking, tech",Networking,
"Watched a documentary on climate change, very eye-opening.",non-educational,"climate change, documentary, environment, awareness",Environment,
Study the properties and behavior of gases using gas laws.,educational,"chemistry, gas laws, physics, molecules",Chemistry,
Watching the sunset at the beach is the perfect way to end the day.,non_educational,"travel, sunset, nature",Travel & Nature,
Reinforcement learning uses reward-based feedback to train models.,educational,"ai,ml,reward",technology,
Learn the history of ancient civilizations like Egypt and Mesopotamia.,educational,"ancient civilizations, history, Egypt, Mesopotamia",History,
Learn about renewable energy sources like solar and wind power.,educational,"renewable energy, solar, wind, environment",Environmental Science,
A database stores and organizes data efficiently.,educational,"database,sql,data",technology,
Learn the process of binary to decimal number conversion.,educational,"binary, decimal, computer science, mathematics",Computer Science,
The study of Neural networks is critical for mastering Artificial Intelligence in modern engineering.,educational,"neural networks, artificial intelligence, tech",Artificial Intelligence,
"Attended a live basketball game with friends, the atmosphere was incredible!",non-educational,"basketball, live game, friends, sports",Sports,
Joined a weekend yoga retreat for relaxation and mindfulness.,non-educational,"yoga, retreat, relaxation, wellness",Health & Lifestyle,
Bought a new smartwatch to monitor daily activities.,non-educational,"smartwatch, fitness, health, technology",Health & Technology,
Attended a car exhibition to check out the latest models and innovations.,non-educational,"car exhibition, vehicles, technology, auto show",Technology,
Bought a new smartwatch to monitor heart rate and daily steps.,non-educational,"smartwatch, fitness, health, technology",Health & Technology,
Artificial intelligence mimics human cognitive functions.,educational,"ai,ml,technology",technology,
The study of OSI model layers is critical for mastering Networking in modern engineering.,educational,"osi model layers, networking, tech",Networking,
Understand how ecosystems maintain natural balance.,educational,"ecosystems, balance, environment, ecology",Environmental Science,
William Shakespeare is often considered the greatest playwright in the English language.,educational,"literature, Shakespeare, drama",Literature,
An operating system manages hardware and software resources.,educational,"computer,os,system",technology,
Study art history from Renaissance to Modernism.,educational,"art history, renaissance, modernism, culture",Art & Humanities,
Nutrition provides essential vitamins and minerals for growth.,educational,"biology,health,nutrition",science,
Just started a new hobby in sports & fitness specifically focusing on rock climbing.,non_educational,"rock climbing, sports & fitness, lifestyle",Sports & Fitness,
Bought a new yoga mat for morning exercise sessions.,non-educational,"yoga mat, exercise, fitness, health",Health & Fitness,
Research shows that climate change is affecting ocean ecosystems.,educational,"research,climate change,environment",academic,
Check out this cool mechanical keyboard I just modded with new switches.,non_educational,"keyboard, modding, tech",Technology,
Advanced Data Science relies heavily on the implementation of Pandas and NumPy.,educational,"pandas and numpy, data science, tech",Data Science,
Learn the process of water filtration and purification.,educational,"water filtration, purification, environment, science",Environmental Science,
Tried new smoothie recipes with fresh fruits and vegetables.,non-educational,"smoothie, recipes, fruits, food",Food & Health ,
Watched a musical theater performance downtown.,non-educational,"musical, theater, performance, entertainment",Arts & Culture,
Learn the key differences between acids and bases.,educational,"acids, bases, pH, chemistry",Chemistry,
Pi is an irrational number approximately equal to 3.14159.,educational,"math,geometry",academic,
Gravity is the force by which a planet or other body draws objects toward its center.,educational,"physics, gravity, science",Physics,
Python's Pandas library is a powerful tool for data manipulation and analysis.,educational,"python, data, pandas",Data Science,
Explore the development of digital currencies and blockchain.,educational,"digital currency, blockchain, finance, technology",Finance & Technology,
Joined a volunteer cleanup drive at a nearby beach.,non-educational,"volunteering, beach cleanup, environment",Community & Environment,
I spent my weekend hiking in the mountains and it was incredibly relaxing.,non_educational,"hiking in the mountains, nature, lifestyle",Nature,
"The water cycle includes evaporation, condensation, and precipitation.",educational,"geography,water,science",science,
The local arts & crafts group is meeting tomorrow to discuss photography of landscapes.,non_educational,"photography of landscapes, arts & crafts, lifestyle",Arts & Crafts,
"Introduction to arrays, stacks, and queues in data structures.",educational,"arrays, stacks, queues, data structures, programming",Computer Science,
Democracy is a form of government by the people.,educational,"political science,government",humanities,
Introduction to basic HTML and CSS for web development.,educational,"HTML, CSS, web development, coding",Programming,
Grammar improves clarity and precision in communication.,educational,"english,grammar,language",language,
The digestive system converts food into nutrients and energy.,educational,"biology,digestion,health",science,
Advanced Cybersecurity relies heavily on the implementation of Ethical hacking.,educational,"ethical hacking, cybersecurity, tech",Cybersecurity,
"Python loops include for, while, and nested loops.",educational,"programming,python,loops",technology,
The local sports & fitness group is meeting tomorrow to discuss local football matches.,non_educational,"local football matches, sports & fitness, lifestyle",Sports & Fitness,
"Just finished watching the latest episode of Money Heist, it was insane!",non_educational,"money heist, netflix, episode, watching",Entertainment,
Big O notation is used in computer science to describe the performance or complexity of an algorithm.,educational,"algorithms, complexity, CS",Computer Science,
Joined a weekend yoga retreat in the countryside.,non-educational,"yoga, retreat, relaxation, travel",Health & Lifestyle,
Visited the new art exhibition at the city gallery.,non-educational,"art, exhibition, gallery, visit",Lifestyle,
The area of a circle is Ļ?rĀ².,educational,"math,geometry,formula",science,
Study electromagnetism and magnetic fields.,educational,"electromagnetism, physics, magnetism, currents",Physics,
Learn how machine learning models are trained and tested.,educational,"machine learning, AI, training, testing",Artificial Intelligence,
Customer satisfaction is key to business growth.,educational,"business,marketing,customer",commerce,
I love the feeling of rock climbing during the early morning hours.,non_educational,"rock climbing, sports & fitness, lifestyle",Sports & Fitness,
Deep learning uses multi-layered neural networks to simulate the human brain's ability to learn.,educational,"AI, deep learning, neural networks",Artificial Intelligence,
Study the elements and compounds in the periodic table.,educational,"periodic table, chemistry, elements, compounds",Chemistry,
"A SWOT analysis helps assess strengths, weaknesses, opportunities, and threats.",educational,"management,planning,business",commerce,
"Heat transfer occurs through conduction, convection, and radiation.",educational,"physics,thermodynamics,energy",science,
Introduction to SQL for managing databases and querying data.,educational,"SQL, databases, programming, data",Computer Science,
Study ancient Greek philosophy and major thinkers.,educational,"Greek philosophy, thinkers, ethics, logic",Philosophy,
Financial statements include balance sheet and income statement.,educational,"finance,accounting,business",commerce,
Started attending salsa dance classes twice a week.,non-educational,"salsa, dance, classes, hobby",Music & Fitness,
Joined a local chess club to improve strategic thinking skills.,non-educational,"chess club, strategy, hobby, games",Games & Hobby,
Explore the geography and climate of the Arctic region.,educational,"Arctic, geography, climate, science",Geography,
Understand Newton's law of universal gravitation and its effects.,educational,"Newton, gravitation, physics, force",Physics,
Advanced Software Engineering relies heavily on the implementation of Version control with Git.,educational,"version control with git, software engineering, tech",Software Engineering,
text,label,keywords,domain,
"Understand data structures: stacks, queues, and linked lists.",educational,"data structures, algorithms, programming, computer science",Programming,
Does anyone have recommendations for personal finance tips gear?,non_educational,"personal finance tips, lifestyle, lifestyle",Lifestyle,
Love this new perfume from Dior ā¯¤ļø¸ smells divine.,non_educational,"perfume, dior, beauty",Fashion,
"Study world art movements: Impressionism, Cubism, and Surrealism.",educational,"art movements, impressionism, cubism, surrealism",Art History,
Just set up my smart home with voice-controlled lights and a Nest thermostat.,non_educational,"smart home, gadget, tech",Lifestyle,
Signed up for a pottery workshop to create handmade ceramics.,non-educational,"pottery, workshop, ceramics, hobby",Art & Craft,
Attended a technology expo featuring AI innovations.,non-educational,"tech expo, AI, innovation, event",Technology & Innovation,
I love the feeling of coffee brewing techniques during the early morning hours.,non_educational,"coffee brewing techniques, food & drink, lifestyle",Food & Drink,
Understanding Pandas and NumPy is a core requirement for any Data Science curriculum.,educational,"pandas and numpy, data science, tech",Data Science,
Joined a local coding bootcamp to improve programming skills.,non-educational,"coding bootcamp, learning, programming, tech",Education & Technology,
Explore the key themes in Shakespeare's tragedies.,educational,"Shakespeare, literature, themes, drama",Literature,
Quantum mechanics deals with the behavior of particles at atomic scales.,educational,"physics,quantum",academic,
Understand the different types of chemical reactions and their examples.,educational,"chemical reactions, chemistry, synthesis, decomposition",Chemistry,
Learn about pH indicators and chemical reactions.,educational,"pH, indicators, acids, bases, chemistry",Chemistry,
Study the immune system and how vaccines work.,educational,"immune system, vaccines, biology, health",Health & Biology,
Started a podcast discussing movies and storytelling.,non-educational,"podcast, movies, storytelling, media",Entertainment & Communication,
Study the concept of inheritance in object-oriented programming.,educational,"inheritance, OOP, programming, classes",Computer Science,
Penicillin was discovered by Alexander Fleming.,educational,"biology,history",academic,
Just started a new hobby in arts & crafts specifically focusing on knitting a sweater.,non_educational,"knitting a sweater, arts & crafts, lifestyle",Arts & Crafts,
The local arts & crafts group is meeting tomorrow to discuss knitting a sweater.,non_educational,"knitting a sweater, arts & crafts, lifestyle",Arts & Crafts,
The study of Feature engineering is critical for mastering Data Science in modern engineering.,educational,"feature engineering, data science, tech",Data Science,
Study the architecture of operating systems and process management.,educational,"operating systems, processes, threads, computer science",Computer Science,
Bitcoin price dropped sharply after regulatory news.,non-educational,"Bitcoin, cryptocurrency, market, finance",Finance,
Joined a pottery painting class for creative relaxation.,non-educational,"pottery, painting, creativity, art",Art & Craft,
"Learn about acids, bases, and the pH scale in chemistry.",educational,"acids, bases, pH, chemistry",Chemistry,
Visited a zoo to see exotic animals and learn about conservation.,non-educational,"zoo, animals, conservation, learning",Travel & Nature,
Advanced Networking relies heavily on the implementation of Subnetting and IP addressing.,educational,"subnetting and ip addressing, networking, tech",Networking,
"In Cybersecurity, Vulnerability assessment provides the framework for building secure and efficient systems.",educational,"vulnerability assessment, cybersecurity, tech",Cybersecurity,
The Battle of Plassey occurred in 1757.,educational,"history,india,british rule",humanities,
The study of Load balancing techniques is critical for mastering Networking in modern engineering.,educational,"load balancing techniques, networking, tech",Networking,
Learned to play simple tunes on the guitar.,non-educational,"guitar, music, learning, hobby",Music & Hobby,
HTML stands for HyperText Markup Language.,educational,"web,frontend,html",technology,
Advanced Data Science relies heavily on the implementation of Feature engineering.,educational,"feature engineering, data science, tech",Data Science,
Just baked chocolate cookies.,non_educational,"food,personal",social,
Trying a new game with friends!,non_educational,"gaming,fun",entertainment,
Learn about data visualization and storytelling with graphs.,educational,"data visualization, graphs, analysis, communication",Data Science,
I spent my weekend pottery workshops and it was incredibly relaxing.,non_educational,"pottery workshops, arts & crafts, lifestyle",Arts & Crafts,
Understand the basics of blockchain and cryptocurrency.,educational,"blockchain, cryptocurrency, finance, technology",Technology & Finance,
Study how to solve linear equations and systems of equations.,educational,"linear equations, mathematics, solving, algebra",Mathematics,
Joined an online photography competition.,non-educational,"photography, competition, creativity, art",Art & Technology,
Learn about the importance of the ozone layer in Earth's atmosphere.,educational,"ozone layer, atmosphere, environment",Environmental Science,
Understand the process of machine translation in NLP.,educational,"machine translation, NLP, language, AI",Artificial Intelligence,
Introduction to natural language processing and text analysis.,educational,"NLP, text analysis, AI, programming",Artificial Intelligence,
"In Data Science, Data visualization provides the framework for building secure and efficient systems.",educational,"data visualization, data science, tech",Data Science,
"Went kayaking on the river this weekend, it was refreshing.",non-educational,"kayaking, river, adventure, travel",Travel,
I spent my weekend sketching in the park and it was incredibly relaxing.,non_educational,"sketching in the park, arts & crafts, lifestyle",Arts & Crafts,
The study of BGP routing is critical for mastering Networking in modern engineering.,educational,"bgp routing, networking, tech",Networking,
Learn about the history and impact of space exploration.,educational,"space exploration, NASA, satellites, science",Astronomy,
Learn the laws of thermodynamics and their real-world applications.,educational,"thermodynamics, energy, physics, heat",Physics,
Joined a creative writing workshop for short stories.,non-educational,"creative writing, workshop, literature, hobby",Art & Literature,
Tried crafting homemade candles with essential oils.,non-educational,"candles, craft, DIY, aroma",Art & Lifestyle,
Visited a tea plantation to learn about tea processing.,non-educational,"tea plantation, travel, agriculture, learning",Culture & Travel,
LOL this meme just made my day š???š???,non_educational,"meme, lol, humor",Humor,
Watched Joker 2 last night ā?? masterpiece!,non_educational,"movie, joker, cinema",Entertainment,
Programming languages can be compiled or interpreted.,educational,"programming,computer,language",technology,
Bought a smartwatch to track workouts and heart rate.,non-educational,"smartwatch, fitness, health, technology",Health & Technology,
This chocolate cake is heaven š?¨«š???,non_educational,"dessert, chocolate, cake",Food,
Explore the process of star formation in galaxies.,educational,"astronomy, galaxies, stars, space",Astronomy,
Taking my dog for a walk.,non_educational,"pets,personal",social,
My cat just knocked over my plant again š???,non_educational,"pets,fun",social,
Learn the basics of financial literacy and budgeting.,educational,"finance, budgeting, savings, personal finance",Economics,
"In Cybersecurity, Zero trust architecture provides the framework for building secure and efficient systems.",educational,"zero trust architecture, cybersecurity, tech",Cybersecurity,
The median divides a dataset into two equal halves.,educational,"math,statistics,median",science,
Learn about human nutrition and balanced diets.,educational,"nutrition, diet, health, food",Health Science,
Geography studies the physical features of the Earth.,educational,"earth,environment,geography",science,
"Understand the chemistry of acids, bases, and salts.",educational,"chemistry, acids, bases, reactions",Chemistry,
"Understand basic genetics: genes, alleles, and inheritance.",educational,"genetics, inheritance, DNA, biology",Biology,
Study the chemical elements and their properties in the periodic table.,educational,"elements, periodic table, chemistry, properties",Chemistry,
"The Earthā??s atmosphere consists of nitrogen, oxygen, and other gases.",educational,"science,environment",academic,
"Learn about light waves, diffraction, and interference in physics.",educational,"light waves, diffraction, interference, physics",Physics,
Understand world religions and their cultural significance.,educational,"religions, culture, history, beliefs",Social Studies,
The periodic table organizes elements based on atomic number.,educational,"chemistry,science",academic,
Study the effects of globalization on developing nations.,educational,"globalization, economics, development",Economics & Politics,
Understand the genetic code and DNA replication process.,educational,"DNA, genetics, biology, replication",Biology,
Advanced Software Engineering relies heavily on the implementation of Object-oriented design.,educational,"object-oriented design, software engineering, tech",Software Engineering,
Introduction to ethical theories in philosophy.,educational,"ethics, philosophy, morality, values",Philosophy,
The OSI model consists of seven layers that define how data is transmitted over a network.,educational,"networking, OSI model, tech",Computer Science,
"In Software Engineering, Version control with Git provides the framework for building secure and efficient systems.",educational,"version control with git, software engineering, tech",Software Engineering,
Started learning graphic design using Adobe Illustrator.,non-educational,"graphic design, Illustrator, art, creativity",Art & Technology,
Managed to automate my morning coffee routine using a Raspberry Pi.,non_educational,"automation, raspberry pi, DIY",Technology,
Learn about supply chains and logistics management in economics.,educational,"supply chains, logistics, economics, management",Economics,
Visited a local brewery and tried their seasonal craft beers.,non-educational,"brewery, craft beer, tasting, experience",Food & Drink,
Understand the psychology of learning and memory.,educational,"psychology, learning, memory, cognition",Psychology,
Study the principles of project management and scheduling.,educational,"project management, planning, scheduling, business",Management,
Understand the artistic styles of Baroque and Rococo periods.,educational,"Baroque, Rococo, art history, culture",Art History,
Does anyone have recommendations for beach sunsets gear?,non_educational,"beach sunsets, nature, lifestyle",Nature,
"In Data Science, Feature engineering provides the framework for building secure and efficient systems.",educational,"feature engineering, data science, tech",Data Science,
Started a YouTube channel sharing tech tutorials.,non-educational,"YouTube, tech, tutorials, education",Technology & Media,
The study of Natural language processing is critical for mastering Artificial Intelligence in modern engineering.,educational,"natural language processing, artificial intelligence, tech",Artificial Intelligence,
Redecorated my living room with a minimalist theme.,non-educational,"living room, minimalist, decoration, interior",Lifestyle,
Volcanoes are formed by the movement of tectonic plates.,educational,"geography,volcano,earth",science,
Attended a cultural parade celebrating world traditions.,non-educational,"parade, culture, festival, traditions",Culture & Travel,
Bought a handmade ceramic vase from a local artisan.,non-educational,"ceramic, handmade, art, decor",Art & Lifestyle,
Understand leadership and organizational behavior in management.,educational,"leadership, management, organization, business",Business Studies,
Version control systems like Git manage code changes.,educational,"programming,git,development",technology,
Understand the evolution of political systems in medieval Europe.,educational,"medieval Europe, politics, history, systems",History,
The study of Design patterns is critical for mastering Software Engineering in modern engineering.,educational,"design patterns, software engineering, tech",Software Engineering,
Understanding Agile methodologies is a core requirement for any Software Engineering curriculum.,educational,"agile methodologies, software engineering, tech",Software Engineering,
Just finished a workout session!,non_educational,"fitness,health",personal,
Started knitting scarves and hats as winter gifts for family.,non-educational,"knitting, crafts, winter, hobby",Art & Craft,
Study the human endocrine system and its hormones.,educational,"endocrine system, hormones, biology",Biology,
Visited a planetarium to watch a space projection show.,non-educational,"planetarium, space, show, experience",Entertainment & Science,
Understand the major events and impact of the Renaissance period.,educational,"Renaissance, history, events, culture",History,
Study how DNA replication occurs in living cells.,educational,"DNA replication, genetics, biology",Biology,
Working on my summer body š??Ŗ Gym grind never stops.,non_educational,"gym, workout, body",Fitness,
Understanding Supervised learning is a core requirement for any Artificial Intelligence curriculum.,educational,"supervised learning, artificial intelligence, tech",Artificial Intelligence,
Integration is the inverse process of differentiation.,educational,"math,calculus,functions",science,
Understand Ohm's law and basic electrical circuits.,educational,"Ohm's law, electricity, circuits, physics",Physics,
Computer networks use routers and switches for data transmission.,educational,"networking,technology,internet",technology,
Chemical reactions involve the breaking and forming of bonds.,educational,"chemistry,bonds,reaction",science,
The study of Exploratory data analysis is critical for mastering Data Science in modern engineering.,educational,"exploratory data analysis, data science, tech",Data Science,
Electric current is the flow of electric charge.,educational,"physics,electricity",academic,
Tried a new Mediterranean salad recipe at home.,non-educational,"salad, Mediterranean, cooking, recipe",Food & Health,
This bag from Gucci is pure class š???,non_educational,"gucci, brand, luxury",Fashion,
Started experimenting with digital art on a tablet.,non-educational,"digital art, tablet, creativity, design",Art & Technology,
Posting pictures from last nightā??s event!,non_educational,"social media,fun",social,
The Great Wall of China is visible from space.,educational,"history,geography",academic,
Study the principles of game theory and strategic behavior.,educational,"game theory, strategy, economics, mathematics",Economics,
The Pythagorean theorem relates the sides of a right triangle.,educational,"math,geometry",academic,
Study the functions of enzymes in biological reactions.,educational,"enzymes, biology, reactions, biochemistry",Biology,
I spent my weekend meditation and it was incredibly relaxing.,non_educational,"meditation, lifestyle, lifestyle",Lifestyle,
Bought a new coffee maker and experimented with different brewing methods.,non-educational,"coffee maker, brewing, home, drinks",Lifestyle,
Bought a new VR headset to explore virtual worlds.,non-educational,"VR headset, virtual reality, technology",Technology & Gaming,
Parallel circuits allow current to flow through multiple paths.,educational,"physics,circuit,electricity",science,
Derivatives are used to find the rate of change in calculus.,educational,"math,calculus",academic,
Understand how optical fibers transmit data at high speed.,educational,"optical fiber, communication, physics, data",Physics,
The new iPhone 16 camera is unreal š??±š??,non_educational,"iphone, camera, tech",Technology,
"My internet is so slow today, I can't even stream a 1080p video without buffering.",non_educational,"internet, slow, annoyance",Daily Life,
I spent my weekend camping trips and it was incredibly relaxing.,non_educational,"camping trips, nature, lifestyle",Nature,
Attended a local farmers' market to buy fresh organic produce.,non-educational,"farmers market, organic, food, shopping",Food & Lifestyle,
The Civil War in the U.S. lasted from 1861 to 1865.,educational,"history,usa,civil war",humanities,
Can't wait for the weekend!,non_educational,personal,social,
"In Networking, Subnetting and IP addressing provides the framework for building secure and efficient systems.",educational,"subnetting and ip addressing, networking, tech",Networking,
Started a weekend podcast with friends discussing technology trends.,non-educational,"podcast, technology, friends, creativity",Technology & Media,
Learn about the structure and function of plant cells.,educational,"plant cells, biology, structure, function",Biology,
Just started a new hobby in sports & fitness specifically focusing on tennis practice.,non_educational,"tennis practice, sports & fitness, lifestyle",Sports & Fitness,
Bought a fitness tracker to monitor sleep and workouts.,non-educational,"fitness tracker, sleep, workouts, health",Health & Technology,
The study of Pandas and NumPy is critical for mastering Data Science in modern engineering.,educational,"pandas and numpy, data science, tech",Data Science,
Study the laws of reflection and refraction in optics.,educational,"reflection, refraction, optics, physics",Physics,
Study atmospheric pressure and how it affects weather.,educational,"atmosphere, pressure, weather, science",Earth Science,
JavaScript adds interactivity to web pages.,educational,"javascript,frontend,web",technology,
Joined a weekend running group to stay motivated for fitness.,non-educational,"running group, weekend, fitness, health",Health & Fitness,
Learn about software testing and debugging methods.,educational,"software testing, debugging, QA, programming",Computer Science,
"The law of demand states that as price decreases, demand increases.",educational,"economics,law of demand",academic,
Learn the history of the French Revolution and its global impact.,educational,"French Revolution, history, politics, revolution",History,
Canā??t believe itā??s already Monday š??©,non_educational,"monday, routine, work",Daily Life,
Streaming live on Twitch tonight š??®,non_educational,"twitch, streaming, game",Gaming,
Watching standup comedy to relax š???,non_educational,"comedy, show, relax",Entertainment,
I love the feeling of trying a new pasta recipe during the early morning hours.,non_educational,"trying a new pasta recipe, food & drink, lifestyle",Food & Drink,
Enjoying coffee with friends!,non_educational,"friends,personal",social,
Learn about tectonic plates and earthquakes in geology.,educational,"tectonic plates, earthquakes, geology, science",Environmental Science,
Professionals in Data Science frequently use Statistical modeling to solve complex technical challenges.,educational,"statistical modeling, data science, tech",Data Science,
"Responsive design ensures that a website looks good on all devices, from desktops to mobile phones.",educational,"web design, UI, UX",Web Development,
Going out for dinner date tonight š???,non_educational,"dinner, date, relationship",Lifestyle,
Study the process of rock formation in geology.,educational,"rocks, geology, formation, earth science",Earth Science,
Learn about cybersecurity threats and ethical hacking principles.,educational,"cybersecurity, hacking, security, technology",Computer Science,
"Took a cycling trip around the city, explored hidden streets and cafes.",non-educational,"cycling, city trip, travel, adventure",Travel,
Unboxing my new sneakers from Nike š???š??,non_educational,"unboxing, sneakers, fashion",Lifestyle,
Understand the principles of democracy and governance.,educational,"democracy, governance, political science, education",Social Studies,
Study the origins of democracy in ancient Greece.,educational,"democracy, Greece, history, politics",History & Civics,
Learn to write efficient algorithms and analyze complexity.,educational,"algorithms, efficiency, analysis, programming",Computer Science,
Started indoor gardening with herbs like basil and mint.,non-educational,"indoor gardening, herbs, home, hobby",Lifestyle,
Took a scenic train ride along the coastline during vacation.,non-educational,"train ride, travel, coastline, vacation",Travel,
Understand how light refracts and reflects in optics.,educational,"optics, reflection, refraction, physics",Physics,
Visited a local planetarium to explore space constellations.,non-educational,"planetarium, constellations, astronomy, science",Science & Travel,
Joined a photography walk to capture city architecture.,non-educational,"photography, city, architecture, art",Art & Lifestyle,
Understand the structure and purpose of algorithms.,educational,"algorithms, structure, computer science",Programming,
Critical thinking helps in problem-solving and decision-making.,educational,"thinking,skills,learning",skills,
Visited a history museum to learn about local cultural heritage.,non-educational,"history museum, culture, heritage, visit",Travel & Education,
Just started a new hobby in arts & crafts specifically focusing on sketching in the park.,non_educational,"sketching in the park, arts & crafts, lifestyle",Arts & Crafts,
Learn how data encryption keeps online communication safe.,educational,"data encryption, cybersecurity, privacy",Computer Science,
Study the components of the immune system and their roles.,educational,"immune system, biology, human body, health",Biology,
Learn how to build basic web pages using HTML and CSS.,educational,"HTML, CSS, web development, design",Computer Science,
Advanced Artificial Intelligence relies heavily on the implementation of Neural networks.,educational,"neural networks, artificial intelligence, tech",Artificial Intelligence,
Understand the principles of object-oriented programming in Java.,educational,"OOP, Java, programming, classes, objects",Programming ,
Learn about programming functions and modular code design in Python.,educational,"functions, modular code, Python, programming",Programming,
Learn how the nervous system transmits electrical signals.,educational,"nervous system, biology, neurons",Biology,
Got my new laptop delivered!,non_educational,"shopping,tech",personal,
I love how clean the UI is on this new note-taking app I found.,non_educational,"app, design, tech",Software,
Does anyone have recommendations for diy home decor gear?,non_educational,"diy home decor, arts & crafts, lifestyle",Arts & Crafts,
"Spent the weekend debugging my personal website, finally fixed that CSS issue.",non_educational,"coding, personal, debugging",Programming,
Attended a movie marathon featuring classic comedies.,non-educational,"movie marathon, comedy, entertainment, film",Entertainment,
Learn about supply chain management and logistics systems.,educational,"supply chain, logistics, management, business",Business Studies,
Understanding Encryption protocols is a core requirement for any Cybersecurity curriculum.,educational,"encryption protocols, cybersecurity, tech",Cybersecurity,
The Industrial Revolution started in Great Britain.,educational,"history,industrial,technology",humanities,
Tried a new sushi place downtown with creative rolls!,non-educational,"sushi, restaurant, food, dining",Food & Lifestyle,
HTML is the backbone of web development.,educational,"web development,html,technology",technical,
Listening to my favorite playlist on Spotify.,non_educational,"music,entertainment",social,
Learn about the human digestive system and its functions.,educational,"digestive system, human body, biology, anatomy",Biology,
Effective time management improves productivity.,educational,"management,time,skills",skills,
Joined a painting class to improve my artistic skills.,non-educational,"painting, art, class, creativity",Art & Hobby,
Understanding Object-oriented design is a core requirement for any Software Engineering curriculum.,educational,"object-oriented design, software engineering, tech",Software Engineering,
Understand the structure of DNA and its role in genetics.,educational,"DNA, genetics, structure, biology",Biology,
Bought new hiking boots for outdoor adventures.,non-educational,"hiking boots, outdoor, adventure, travel",Lifestyle & Sports ,
"Learn about programming loops: for, while, and nested loops in Java.",educational,"loops, Java, programming, for, while",Programming,
The study of Wireless security is critical for mastering Networking in modern engineering.,educational,"wireless security, networking, tech",Networking,
The study of Encryption protocols is critical for mastering Cybersecurity in modern engineering.,educational,"encryption protocols, cybersecurity, tech",Cybersecurity,
Joined a community volunteering program for beach cleanups.,non-educational,"volunteering, beach cleanup, community, environment",Environment & Lifestyle,
Good posture prevents back pain and improves breathing.,educational,"health,fitness,biology",skills,
Professionals in Artificial Intelligence frequently use Natural language processing to solve complex technical challenges.,educational,"natural language processing, artificial intelligence, tech",Artificial Intelligence,
Iā??m obsessed with this coffee spot near my college ā??,non_educational,"cafe, coffee, hangout",Lifestyle,
Does anyone have recommendations for local food festivals gear?,non_educational,"local food festivals, food & drink, lifestyle",Food & Drink,
Learn how electric motors convert electrical energy into motion.,educational,"electric motor, physics, energy, motion",Physics,
Study global political systems and democracy.,educational,"political systems, democracy, governance, politics",Political Science,
Canā??t wait for the cricket World Cup finals this weekend!,non_educational,"cricket, world cup, finals",Sports,
Bought a drone to capture aerial photos of landscapes.,non-educational,"drone, photography, landscape, technology",Technology & Photography,
Started a travel blog documenting hidden destinations.,non-educational,"travel blog, destinations, adventure, writing",Lifestyle & Travel,
"The law of supply states that as price increases, supply increases.",educational,"economics,law,supply",commerce,
Participating in the PUBG championship tonight!,non_educational,"pubg, gaming, tournament",Gaming,
Attended a local music festival and discovered new bands.,non-educational,"music festival, bands, live, entertainment",Music,
Understand the concept of recursion in computer programming.,educational,"recursion, programming, computer science",Computer Science,
Learn about the classification of living organisms in biology.,educational,"classification, organisms, biology, taxonomy",Biology,
Demand forecasting helps businesses plan production.,educational,"economics,business,forecasting",commerce,
"Learn the basics of Python programming, including variables and loops.",educational,"Python, programming, variables, loops",Programming,
Tried meditation for improving focus and calmness.,non-educational,"meditation, focus, mindfulness, health",Health & Lifestyle,
Industrial pollution impacts ecosystems and human health.,educational,"environment,science,pollution",science,
The study of Supervised learning is critical for mastering Artificial Intelligence in modern engineering.,educational,"supervised learning, artificial intelligence, tech",Artificial Intelligence,
Watched a concert featuring classical piano performances.,non-educational,"concert, piano, music, live",Music & Entertainment,
Advanced Artificial Intelligence relies heavily on the implementation of Natural language processing.,educational,"natural language processing, artificial intelligence, tech",Artificial Intelligence,
Met my best friend after years!,non_educational,"friends,personal",social,
I love the feeling of baking sourdough bread during the early morning hours.,non_educational,"baking sourdough bread, food & drink, lifestyle",Food & Drink,
Bought tickets for a cricket match!,non_educational,"sports,fun",entertainment,
Understand the main events of the Cold War timeline.,educational,"Cold War, timeline, history, politics",History,
Just bought new shoes!,non_educational,"shopping,fashion",personal,
Photosynthesis converts light energy into chemical energy in plants.,educational,"biology,plants,energy",science,
Understanding Malware analysis is a core requirement for any Cybersecurity curriculum.,educational,"malware analysis, cybersecurity, tech",Cybersecurity,
The Renaissance began in Italy in the 14th century.,educational,"history,renaissance",academic,
Learn the fundamentals of quantum computing and qubits.,educational,"quantum computing, qubits, physics, computer science",Physics & Technology,
Understand how electricity and circuits work in physics.,educational,"electricity, circuits, physics, voltage",Physics,
Started learning candle making as a relaxing craft.,non-educational,"candle making, craft, relaxation, hobby",Art & Craft,
Kubernetes is an open-source container orchestration system for automating software deployment.,educational,"devops, kubernetes, technology",Software Engineering,
Hit a new personal record on the bench press at the gym today.,non_educational,"fitness, gym, workout",Health & Fitness,
Played badminton with friends on the weekend.,non-educational,"badminton, sports, fitness, fun",Sports & Fitness,
Study the stages of software development life cycle (SDLC).,educational,"software development, SDLC, programming, project",Computer Science,
Learn how enzymes catalyze reactions in living organisms.,educational,"enzymes, catalysis, biology, chemistry",Biochemistry,
Binary numbers use only 0 and 1.,educational,"computer,binary,math",technology,
Watched a documentary on extreme sports and adventure travel.,non-educational,"documentary, extreme sports, travel, adventure",Entertainment & Travel,
I love the feeling of meditation during the early morning hours.,non_educational,"meditation, lifestyle, lifestyle",Lifestyle,
Finally visiting Goa after months of planning š??¨š??´,non_educational,"travel, goa, vacation",Travel,
Wishing everyone a happy Diwali š???,non_educational,"festival, diwali, greetings",Events,
The study of TCP/IP suite is critical for mastering Networking in modern engineering.,educational,"tcp/ip suite, networking, tech",Networking,
Just got my first tattoo š???ļø¸,non_educational,"tattoo, lifestyle, art",Lifestyle,
"Iā??m feeling lazy today, not going to the gym.",non_educational,"personal,health",social,
Just started a new hobby in food & drink specifically focusing on home-made pizza.,non_educational,"home-made pizza, food & drink, lifestyle",Food & Drink,
Booked a weekend getaway to the mountains for hiking and relaxation.,non-educational,"weekend trip, mountains, hiking, travel",Travel,
Understand the causes of global warming and methods to mitigate it.,educational,"global warming, environment, climate change, science",Environmental Science,
Understand plate tectonics and continental drift theory.,educational,"plate tectonics, geology, earth science",Earth Science,
Understand the key differences between capitalism and socialism.,educational,"capitalism, socialism, economy, politics",Economics & Politics,
Tried making homemade candles using essential oils.,non-educational,"candles, DIY, craft, essential oils",Art & Craft,
Found a vintage camera at a thrift store and can't wait to test it out.,non_educational,"photography, vintage, hobby",Art & Craft,
Just uploaded my travel vlog!,non_educational,"travel,entertainment",social,
The Fibonacci sequence starts with 0 and 1.,educational,"math,sequence,patterns",science,
Learn about global warming mitigation and policies.,educational,"global warming, mitigation, environment, policy",Environmental Science,
Attending a tech conference in San Francisco next month to network with other developers.,non_educational,"conference, networking, tech",Technology,
Started collecting stamps from various countries.,non-educational,"stamps, collection, hobby, countries",Lifestyle & Hobby,
The Constitution of India was adopted on 26th November 1949.,educational,"civics,india,constitution",humanities,
Study the impact of World War II on global politics.,educational,"World War II, politics, history, global",History,
Making pancakes for breakfast!,non_educational,"food,personal",social,
Joined a local hiking group exploring nearby trails.,non-educational,"hiking, group, trails, adventure",Adventure & Lifestyle,
Understand the principles of supply and demand.,educational,"supply, demand, economics, markets",Economics,
DNA contains the genetic instructions used in the development and functioning of all known living organisms.,educational,"biology, DNA, genetics",Biology,
Machine learning algorithms learn from data patterns.,educational,"ai,ml,data",technology,
Study the basic components of a neural network.,educational,"neural network, AI, deep learning, nodes",Artificial Intelligence,
The local lifestyle group is meeting tomorrow to discuss pet care and training.,non_educational,"pet care and training, lifestyle, lifestyle",Lifestyle,
"Went shopping today, couldnā??t resist those shoes š?? ",non_educational,"shopping, shoes, outfit",Fashion,
Introduction to recursion in programming and solving problems.,educational,"recursion, programming, functions, computer science",Programming,
Professionals in Networking frequently use DNS resolution process to solve complex technical challenges.,educational,"dns resolution process, networking, tech",Networking,
Advanced Artificial Intelligence relies heavily on the implementation of Genetic algorithms.,educational,"genetic algorithms, artificial intelligence, tech",Artificial Intelligence,
Understand the process of mitosis and meiosis in cell division.,educational,"mitosis, meiosis, cell division, biology",Biology,
Just started a new hobby in food & drink specifically focusing on local food festivals.,non_educational,"local food festivals, food & drink, lifestyle",Food & Drink,
Reinforcement learning uses rewards and penalties to train models.,educational,"machine learning,ai",technical,
Professionals in Software Engineering frequently use RESTful APIs to solve complex technical challenges.,educational,"restful apis, software engineering, tech",Software Engineering,
I spent my weekend beach sunsets and it was incredibly relaxing.,non_educational,"beach sunsets, nature, lifestyle",Nature,
Understand how the immune system defends against pathogens.,educational,"immune system, biology, pathogens",Biology,
Explore the structure and properties of atoms and molecules.,educational,"atoms, molecules, chemistry, structure",Chemistry,
Spending quality time with family ā¯¤ļø¸,non_educational,"family, love, bonding",Personal,
Relaxing on a Sunday evening.,non_educational,"personal,leisure",social,
I spent my weekend personal finance tips and it was incredibly relaxing.,non_educational,"personal finance tips, lifestyle, lifestyle",Lifestyle,
Learn about photosynthesis and cellular respiration in plants and animals.,educational,"photosynthesis, cellular respiration, biology, plants, animals",Biology,
A simile compares two things using 'like' or 'as'.,educational,"english,grammar,comparison",language,
Does anyone have recommendations for trying a new pasta recipe gear?,non_educational,"trying a new pasta recipe, food & drink, lifestyle",Food & Drink,
HTTP is the protocol used for transmitting web pages over the internet.,educational,"web, HTTP, internet",Web Development,
Learn the laws of thermodynamics and entropy.,educational,"thermodynamics, entropy, heat, energy",Physics,
Just finished watching a thriller on Netflix!,non_educational,"movie,entertainment",entertainment,
Attended a music jam session at a local cafĆ© with friends.,non-educational,"music, jam session, cafĆ©, friends",Music & Entertainment,
Learn about coral reefs and their role in marine ecosystems.,educational,"coral reefs, marine, environment, biodiversity",Environmental Science,
Advanced Cybersecurity relies heavily on the implementation of Malware analysis.,educational,"malware analysis, cybersecurity, tech",Cybersecurity,
Learn about the fundamentals of blockchain consensus mechanisms.,educational,"blockchain, consensus, cryptocurrency, security",Computer Science,
Plant cells contain chloroplasts while animal cells do not.,educational,"biology,plants,cells",science,
The Earth rotates on its axis every 24 hours.,educational,"geography,earth,rotation",science,
Visited a historic castle during a road trip.,non-educational,"castle, history, travel, sightseeing",Travel & History,
Learn about blood circulation and the cardiovascular system.,educational,"blood circulation, cardiovascular, human body, biology",Biology,
The match last night was intense! ā?½š??,non_educational,"match, football, sports",Sports,
"The mean, median, and mode are measures of central tendency.",educational,"statistics,math,data",science,
The periodic table organizes elements by atomic number.,educational,"chemistry,elements,science",science,
Latest Fortnite update is crazy!,non_educational,"fortnite, update, game",Gaming,
Machine learning is a subset of artificial intelligence that focuses on building systems that learn from data.,educational,"AI, machine learning, technology",Artificial Intelligence,
The structure of DNA is a double helix.,educational,"biology,genetics,dna",science,
Visited a science museum with interactive space exhibits.,non-educational,"science museum, space, exhibits, learning",Education & Entertainment,
Understand biodiversity and conservation strategies.,educational,"biodiversity, conservation, environment",Environmental Science,
The study of Reinforcement learning is critical for mastering Artificial Intelligence in modern engineering.,educational,"reinforcement learning, artificial intelligence, tech",Artificial Intelligence,
Listening to calming lo-fi music š??§,non_educational,"music, chill, vibe",Entertainment,
Learn how neural networks function in machine learning.,educational,"neural networks, AI, deep learning, computer science",Artificial Intelligence,
"In Artificial Intelligence, Genetic algorithms provides the framework for building secure and efficient systems.",educational,"genetic algorithms, artificial intelligence, tech",Artificial Intelligence,
Java supports both method overloading and overriding.,educational,"java,oops,methods",technology,
Thermodynamics is the branch of physics that deals with heat and temperature.,educational,"physics, thermodynamics, heat",Physics,
Started making handmade greeting cards for friends.,non-educational,"greeting cards, handmade, art, craft",Art & Hobby,
Love watching sunsets!,non_educational,"nature,personal",social,
My favorite color is blue!,non_educational,"personal,fun",social,
Just started a new hobby in arts & crafts specifically focusing on photography of landscapes.,non_educational,"photography of landscapes, arts & crafts, lifestyle",Arts & Crafts,
The study of Firewall configurations is critical for mastering Cybersecurity in modern engineering.,educational,"firewall configurations, cybersecurity, tech",Cybersecurity,
Started practicing watercolor techniques for painting.,non-educational,"painting, watercolor, art, creativity",Art & Craft,
Understand DNA transcription and translation mechanisms.,educational,"DNA, transcription, translation, biology",Genetics,
Started composting kitchen waste for sustainable living.,non-educational,"composting, sustainability, waste, environment",Lifestyle & Environment,
The periodic table organizes elements based on their atomic number and properties.,educational,"chemistry, science, elements",Chemistry,
Advanced Cybersecurity relies heavily on the implementation of Vulnerability assessment.,educational,"vulnerability assessment, cybersecurity, tech",Cybersecurity,
Watched an inspiring documentary about space missions.,non-educational,"documentary, space, exploration, science",Entertainment & Science,
"Tried indoor rock climbing for the first time, loved the challenge.",non-educational,"indoor climbing, fitness, adventure, hobby",Health & Fitness,
"Understand basic circuit components: resistors, capacitors, inductors.",educational,"circuits, electronics, physics, components",Electrical Engineering,
Electromagnetic waves can travel through a vacuum.,educational,"physics,waves,light",science,
Introduction to algebraic expressions and simplification methods.,educational,"algebra, expressions, simplification, mathematics",Mathematics,
Learn the history and principles of democracy.,educational,"democracy, government, history, politics",Civics,
"Artificial neural networks consist of input, hidden, and output layers.",educational,"ai,neural network,ml",technology,
The study of Computer vision is critical for mastering Artificial Intelligence in modern engineering.,educational,"computer vision, artificial intelligence, tech",Artificial Intelligence,
The study of Backpropagation is critical for mastering Artificial Intelligence in modern engineering.,educational,"backpropagation, artificial intelligence, tech",Artificial Intelligence,
Visited a botanical garden to study rare plant species.,non-educational,"botanical garden, plants, nature, travel",Travel & Education,
Photosynthesis produces glucose and oxygen.,educational,"biology,plants,photosynthesis",science,
Attended a city marathon for charity fundraising.,non-educational,"marathon, charity, fitness, event",Health & Community,
Started learning salsa dancing with online tutorials.,non-educational,"salsa, dance, fitness, hobby",Music & Fitness,
Gravity pulls objects toward the center of the Earth.,educational,"physics,gravity",academic,
"Attended a stand-up comedy night at the local club, laughed nonstop.",non-educational,"comedy, stand-up, live, entertainment",Entertainment,
Explore how photosynthetic pigments absorb light energy.,educational,"photosynthesis, pigments, biology, energy",Biology,
Letā??s discuss the concept of recursion in programming.,educational,"programming,recursion,computer science",technical,
Understand the main causes and effects of the American Civil War.,educational,"American Civil War, history, causes, effects",History,
Study the impact of deforestation on ecosystems.,educational,"deforestation, environment, ecology",Environmental Science,
Recycling reduces environmental pollution.,educational,"environment,science,green",science,
Tried a new virtual workout app for home exercises.,non-educational,"workout app, fitness, exercise, health",Technology & Fitness,
Understand key personality theories in psychology.,educational,"personality, psychology, behavior, science",Psychology,
Learn the significance of global trade networks.,educational,"trade, globalization, economy, commerce",Economics & Geography,
Learn how viruses replicate and spread in host organisms.,educational,"virus, infection, biology, virology",Biology,
Tried baking cupcakes with creative frosting designs at home.,non-educational,"baking, cupcakes, frosting, food",Food & Hobby,
"Tried a new vegan restaurant downtown, loved the variety of dishes.",non-educational,"vegan, restaurant, food, dining",Food & Drink,
Attended a coding bootcamp on web development.,non-educational,"coding, web development, bootcamp, learning",Technology & Education,
Understand the main events and outcomes of the Cold War.,educational,"Cold War, history, events, outcomes",History,
I spent my weekend local food festivals and it was incredibly relaxing.,non_educational,"local food festivals, food & drink, lifestyle",Food & Drink,
Bought a fitness tracker to monitor daily steps.,non-educational,"fitness tracker, steps, health, technology",Health & Technology,
The gravitational force depends on mass and distance.,educational,"physics,gravity,force",science,
Advanced Cybersecurity relies heavily on the implementation of Encryption protocols.,educational,"encryption protocols, cybersecurity, tech",Cybersecurity,
The study of Large language models is critical for mastering Artificial Intelligence in modern engineering.,educational,"large language models, artificial intelligence, tech",Artificial Intelligence,
Learn about natural disasters and disaster management strategies.,educational,"natural disasters, management, environment, safety",Environmental Science,
Learn how the internet and DNS systems operate.,educational,"internet, DNS, networking, technology",Computer Science,
The French Revolution was a turning point in European history.,educational,"history,europe,france",humanities,
Study the formation and classification of clouds in meteorology.,educational,"clouds, weather, meteorology, atmosphere",Earth Science,
Started experimenting with drone photography.,non-educational,"drone, photography, technology, hobby",Technology & Art,
Learn the functions of major human organs and their interconnections.,educational,"organs, human body, biology, anatomy",Biology,
"Study the concepts of velocity, acceleration, and motion in physics.",educational,"velocity, acceleration, motion, physics",Physics,
Trying a new recipe for dinner tonight!,non_educational,"food,personal",social,
Attended a photography exhibition featuring wildlife and nature.,non-educational,"photography exhibition, wildlife, nature, art",Art & Nature,
Study the role of mitochondria in energy production.,educational,"mitochondria, energy, biology, cells",Biology,
Decorated my balcony with fairy lights and potted plants.,non-educational,"balcony, decoration, lights, plants",Home & Lifestyle,
Started cycling every morning for fitness and fresh air.,non-educational,"cycling, exercise, fitness, lifestyle",Health & Fitness,
Study global warming and its socioeconomic effects.,educational,"global warming, climate, economics, science",Environmental Science,
Bought a gaming keyboard with customizable lights.,non-educational,"gaming, keyboard, technology, accessories",Technology & Lifestyle,
Watched a stand-up comedy special online and laughed out loud.,non-educational,"comedy special, online, entertainment, humor",Entertainment,
Study meteorology: weather patterns and atmospheric science.,educational,"meteorology, weather, atmosphere, environment",Earth Science,
Understanding Flutter widgets helps developers build more robust solutions in Mobile Development.,educational,"flutter widgets, mobile development, tech",Mobile Development,
"In the field of Cybersecurity, Identity and access management plays a key role in system optimization.",educational,"identity and access management, cybersecurity, tech",Cybersecurity,
How does Data warehousing contribute to the overall efficiency of Data Science systems?,educational,"data warehousing, data science, tech",Data Science,
The fundamental principles of Scrum framework are essential for any Software Engineering professional.,educational,"scrum framework, software engineering, tech",Software Engineering,
Understanding Ransomware prevention helps developers build more robust solutions in Cybersecurity.,educational,"ransomware prevention, cybersecurity, tech",Cybersecurity,
The fundamental principles of SOLID principles are essential for any Software Engineering professional.,educational,"solid principles, software engineering, tech",Software Engineering,
The fundamental principles of RESTful web services are essential for any Web Development professional.,educational,"restful web services, web development, tech",Web Development,
How does SQL queries contribute to the overall efficiency of Data Science systems?,educational,"sql queries, data science, tech",Data Science,
How does Ransomware prevention contribute to the overall efficiency of Cybersecurity systems?,educational,"ransomware prevention, cybersecurity, tech",Cybersecurity,
"In the field of Cybersecurity, Man-in-the-middle attacks plays a key role in system optimization.",educational,"man-in-the-middle attacks, cybersecurity, tech",Cybersecurity,
Learning Virtualization is the first step toward becoming an expert in Cloud Computing.,educational,"virtualization, cloud computing, tech",Cloud Computing,
Understanding SaaS vs PaaS vs IaaS helps developers build more robust solutions in Cloud Computing.,educational,"saas vs paas vs iaas, cloud computing, tech",Cloud Computing,
The fundamental principles of Malware analysis are essential for any Cybersecurity professional.,educational,"malware analysis, cybersecurity, tech",Cybersecurity,
Understanding Mobile UI/UX design helps developers build more robust solutions in Mobile Development.,educational,"mobile ui/ux design, mobile development, tech",Mobile Development,
An in-depth study of Android SDK is required to master Mobile Development.,educational,"android sdk, mobile development, tech",Mobile Development,
Learning Data normalization is the first step toward becoming an expert in Data Science.,educational,"data normalization, data science, tech",Data Science,
An in-depth study of React hooks is required to master Web Development.,educational,"react hooks, web development, tech",Web Development,
How does Underfitting contribute to the overall efficiency of Data Science systems?,educational,"underfitting, data science, tech",Data Science,
Learning TypeScript typing is the first step toward becoming an expert in Web Development.,educational,"typescript typing, web development, tech",Web Development,
How does Pandas library contribute to the overall efficiency of Data Science systems?,educational,"pandas library, data science, tech",Data Science,
Modern Cloud Computing curriculums focus heavily on Terraform modules for better security and performance.,educational,"terraform modules, cloud computing, tech",Cloud Computing,
Modern Cybersecurity curriculums focus heavily on End-to-point encryption for better security and performance.,educational,"end-to-point encryption, cybersecurity, tech",Cybersecurity,
"In the field of Web Development, RESTful web services plays a key role in system optimization.",educational,"restful web services, web development, tech",Web Development,
Implementing Push notifications is a standard practice in current Mobile Development workflows.,educational,"push notifications, mobile development, tech",Mobile Development,
How does React Native components contribute to the overall efficiency of Mobile Development systems?,educational,"react native components, mobile development, tech",Mobile Development,
The fundamental principles of Android SDK are essential for any Mobile Development professional.,educational,"android sdk, mobile development, tech",Mobile Development,
An in-depth study of Terraform modules is required to master Cloud Computing.,educational,"terraform modules, cloud computing, tech",Cloud Computing,
An in-depth study of Support vector machines is required to master Artificial Intelligence.,educational,"support vector machines, artificial intelligence, tech",Artificial Intelligence,
Implementing Continuous Integration (CI/CD) is a standard practice in current Software Engineering workflows.,educational,"continuous integration (ci/cd), software engineering, tech",Software Engineering,
Modern Data Science curriculums focus heavily on Data warehousing for better security and performance.,educational,"data warehousing, data science, tech",Data Science,
Learning Progressive Web Apps (PWA) is the first step toward becoming an expert in Web Development.,educational,"progressive web apps (pwa), web development, tech",Web Development,
How does Subnetting contribute to the overall efficiency of Networking systems?,educational,"subnetting, networking, tech",Networking,
An in-depth study of Underfitting is required to master Data Science.,educational,"underfitting, data science, tech",Data Science,
Learning Terraform modules is the first step toward becoming an expert in Cloud Computing.,educational,"terraform modules, cloud computing, tech",Cloud Computing,
How does Code refactoring contribute to the overall efficiency of Software Engineering systems?,educational,"code refactoring, software engineering, tech",Software Engineering,
Learning Software development lifecycle is the first step toward becoming an expert in Software Engineering.,educational,"software development lifecycle, software engineering, tech",Software Engineering,
Understanding Feature engineering helps developers build more robust solutions in Data Science.,educational,"feature engineering, data science, tech",Data Science,
The fundamental principles of HTML5 semantics are essential for any Web Development professional.,educational,"html5 semantics, web development, tech",Web Development,
Understanding Multi-cloud strategy helps developers build more robust solutions in Cloud Computing.,educational,"multi-cloud strategy, cloud computing, tech",Cloud Computing,
Understanding IPv6 addressing helps developers build more robust solutions in Networking.,educational,"ipv6 addressing, networking, tech",Networking,
An in-depth study of Unit testing is required to master Software Engineering.,educational,"unit testing, software engineering, tech",Software Engineering,
Learning K-means clustering is the first step toward becoming an expert in Artificial Intelligence.,educational,"k-means clustering, artificial intelligence, tech",Artificial Intelligence,
Implementing NoSQL databases is a standard practice in current Data Science workflows.,educational,"nosql databases, data science, tech",Data Science,
Modern Software Engineering curriculums focus heavily on Dependency injection for better security and performance.,educational,"dependency injection, software engineering, tech",Software Engineering,
Implementing Cloud storage is a standard practice in current Cloud Computing workflows.,educational,"cloud storage, cloud computing, tech",Cloud Computing,
Modern Artificial Intelligence curriculums focus heavily on Natural language processing for better security and performance.,educational,"natural language processing, artificial intelligence, tech",Artificial Intelligence,
Understanding Scrum framework helps developers build more robust solutions in Software Engineering.,educational,"scrum framework, software engineering, tech",Software Engineering,
Implementing Exploratory data analysis is a standard practice in current Data Science workflows.,educational,"exploratory data analysis, data science, tech",Data Science,
How does Malware analysis contribute to the overall efficiency of Cybersecurity systems?,educational,"malware analysis, cybersecurity, tech",Cybersecurity,
Learning SaaS vs PaaS vs IaaS is the first step toward becoming an expert in Cloud Computing.,educational,"saas vs paas vs iaas, cloud computing, tech",Cloud Computing,
Understanding Overfitting prevention helps developers build more robust solutions in Data Science.,educational,"overfitting prevention, data science, tech",Data Science,
An in-depth study of NumPy arrays is required to master Data Science.,educational,"numpy arrays, data science, tech",Data Science,
Modern Networking curriculums focus heavily on Secure Shell (SSH) for better security and performance.,educational,"secure shell (ssh), networking, tech",Networking,
How does Serverless computing contribute to the overall efficiency of Software Engineering systems?,educational,"serverless computing, software engineering, tech",Software Engineering,
An in-depth study of TypeScript typing is required to master Web Development.,educational,"typescript typing, web development, tech",Web Development,
Implementing Transformers is a standard practice in current Artificial Intelligence workflows.,educational,"transformers, artificial intelligence, tech",Artificial Intelligence,
How does TensorFlow contribute to the overall efficiency of Artificial Intelligence systems?,educational,"tensorflow, artificial intelligence, tech",Artificial Intelligence,
Learning TensorFlow is the first step toward becoming an expert in Artificial Intelligence.,educational,"tensorflow, artificial intelligence, tech",Artificial Intelligence,
Understanding Progressive Web Apps (PWA) helps developers build more robust solutions in Web Development.,educational,"progressive web apps (pwa), web development, tech",Web Development,
The fundamental principles of Continuous Integration (CI/CD) are essential for any Software Engineering professional.,educational,"continuous integration (ci/cd), software engineering, tech",Software Engineering,
Implementing iOS Swift programming is a standard practice in current Mobile Development workflows.,educational,"ios swift programming, mobile development, tech",Mobile Development,
Implementing GraphQL queries is a standard practice in current Web Development workflows.,educational,"graphql queries, web development, tech",Web Development,
Learning Cross-site scripting (XSS) is the first step toward becoming an expert in Web Development.,educational,"cross-site scripting (xss), web development, tech",Web Development,
Implementing TypeScript typing is a standard practice in current Web Development workflows.,educational,"typescript typing, web development, tech",Web Development,
Learning Big data analytics is the first step toward becoming an expert in Data Science.,educational,"big data analytics, data science, tech",Data Science,
The fundamental principles of Pandas library are essential for any Data Science professional.,educational,"pandas library, data science, tech",Data Science,
"In the field of Cloud Computing, AWS Lambda plays a key role in system optimization.",educational,"aws lambda, cloud computing, tech",Cloud Computing,
How does RESTful web services contribute to the overall efficiency of Web Development systems?,educational,"restful web services, web development, tech",Web Development,
How does API documentation contribute to the overall efficiency of Software Engineering systems?,educational,"api documentation, software engineering, tech",Software Engineering,
Understanding TypeScript typing helps developers build more robust solutions in Web Development.,educational,"typescript typing, web development, tech",Web Development,
"In the field of Networking, Load balancing plays a key role in system optimization.",educational,"load balancing, networking, tech",Networking,
An in-depth study of SQL queries is required to master Data Science.,educational,"sql queries, data science, tech",Data Science,
The fundamental principles of SQL injection are essential for any Cybersecurity professional.,educational,"sql injection, cybersecurity, tech",Cybersecurity,
"In the field of Web Development, State management plays a key role in system optimization.",educational,"state management, web development, tech",Web Development,
Understanding Gradient descent helps developers build more robust solutions in Artificial Intelligence.,educational,"gradient descent, artificial intelligence, tech",Artificial Intelligence,
Modern Software Engineering curriculums focus heavily on Microservices architecture for better security and performance.,educational,"microservices architecture, software engineering, tech",Software Engineering,
Learning Decision trees is the first step toward becoming an expert in Artificial Intelligence.,educational,"decision trees, artificial intelligence, tech",Artificial Intelligence,
Implementing AWS Lambda is a standard practice in current Cloud Computing workflows.,educational,"aws lambda, cloud computing, tech",Cloud Computing,
The fundamental principles of Network latency are essential for any Networking professional.,educational,"network latency, networking, tech",Networking,
Understanding Underfitting helps developers build more robust solutions in Data Science.,educational,"underfitting, data science, tech",Data Science,
Modern Web Development curriculums focus heavily on CSS Grid and Flexbox for better security and performance.,educational,"css grid and flexbox, web development, tech",Web Development,
Modern Web Development curriculums focus heavily on TypeScript typing for better security and performance.,educational,"typescript typing, web development, tech",Web Development,
Modern Networking curriculums focus heavily on Load balancing for better security and performance.,educational,"load balancing, networking, tech",Networking,
"In the field of Web Development, Progressive Web Apps (PWA) plays a key role in system optimization.",educational,"progressive web apps (pwa), web development, tech",Web Development,
"In the field of Web Development, React hooks plays a key role in system optimization.",educational,"react hooks, web development, tech",Web Development,
How does CSS Grid and Flexbox contribute to the overall efficiency of Web Development systems?,educational,"css grid and flexbox, web development, tech",Web Development,
Learning Two-factor authentication is the first step toward becoming an expert in Cybersecurity.,educational,"two-factor authentication, cybersecurity, tech",Cybersecurity,
An in-depth study of SaaS vs PaaS vs IaaS is required to master Cloud Computing.,educational,"saas vs paas vs iaas, cloud computing, tech",Cloud Computing,
How does JavaScript frameworks contribute to the overall efficiency of Web Development systems?,educational,"javascript frameworks, web development, tech",Web Development,
How does SQL injection contribute to the overall efficiency of Cybersecurity systems?,educational,"sql injection, cybersecurity, tech",Cybersecurity,
The fundamental principles of Serverless computing are essential for any Software Engineering professional.,educational,"serverless computing, software engineering, tech",Software Engineering,
Modern Artificial Intelligence curriculums focus heavily on Supervised learning for better security and performance.,educational,"supervised learning, artificial intelligence, tech",Artificial Intelligence,
Understanding Virtual Private Networks (VPN) helps developers build more robust solutions in Networking.,educational,"virtual private networks (vpn), networking, tech",Networking,
Learning Secure Shell (SSH) is the first step toward becoming an expert in Networking.,educational,"secure shell (ssh), networking, tech",Networking,
An in-depth study of Intrusion detection systems is required to master Cybersecurity.,educational,"intrusion detection systems, cybersecurity, tech",Cybersecurity,
Understanding Malware analysis helps developers build more robust solutions in Cybersecurity.,educational,"malware analysis, cybersecurity, tech",Cybersecurity,
An in-depth study of Backpropagation is required to master Artificial Intelligence.,educational,"backpropagation, artificial intelligence, tech",Artificial Intelligence,
Modern Data Science curriculums focus heavily on Exploratory data analysis for better security and performance.,educational,"exploratory data analysis, data science, tech",Data Science,
An in-depth study of Flutter widgets is required to master Mobile Development.,educational,"flutter widgets, mobile development, tech",Mobile Development,
Understanding Continuous Integration (CI/CD) helps developers build more robust solutions in Software Engineering.,educational,"continuous integration (ci/cd), software engineering, tech",Software Engineering,
The fundamental principles of Intrusion detection systems are essential for any Cybersecurity professional.,educational,"intrusion detection systems, cybersecurity, tech",Cybersecurity,
How does Cross-site scripting (XSS) contribute to the overall efficiency of Web Development systems?,educational,"cross-site scripting (xss), web development, tech",Web Development,
The fundamental principles of Phishing attacks are essential for any Cybersecurity professional.,educational,"phishing attacks, cybersecurity, tech",Cybersecurity,
Implementing Multi-cloud strategy is a standard practice in current Cloud Computing workflows.,educational,"multi-cloud strategy, cloud computing, tech",Cloud Computing,
Understanding Dependency injection helps developers build more robust solutions in Software Engineering.,educational,"dependency injection, software engineering, tech",Software Engineering,
Understanding Penetration testing helps developers build more robust solutions in Cybersecurity.,educational,"penetration testing, cybersecurity, tech",Cybersecurity,
Implementing IPv6 addressing is a standard practice in current Networking workflows.,educational,"ipv6 addressing, networking, tech",Networking,
An in-depth study of Serverless computing is required to master Software Engineering.,educational,"serverless computing, software engineering, tech",Software Engineering,
Understanding Secure Shell (SSH) helps developers build more robust solutions in Networking.,educational,"secure shell (ssh), networking, tech",Networking,
The fundamental principles of App Store optimization are essential for any Mobile Development professional.,educational,"app store optimization, mobile development, tech",Mobile Development,
Modern Cybersecurity curriculums focus heavily on Man-in-the-middle attacks for better security and performance.,educational,"man-in-the-middle attacks, cybersecurity, tech",Cybersecurity,
Implementing App Store optimization is a standard practice in current Mobile Development workflows.,educational,"app store optimization, mobile development, tech",Mobile Development,
An in-depth study of Push notifications is required to master Mobile Development.,educational,"push notifications, mobile development, tech",Mobile Development,
Modern Cloud Computing curriculums focus heavily on Cloud security for better security and performance.,educational,"cloud security, cloud computing, tech",Cloud Computing,
An in-depth study of Cloud storage is required to master Cloud Computing.,educational,"cloud storage, cloud computing, tech",Cloud Computing,
Understanding Support vector machines helps developers build more robust solutions in Artificial Intelligence.,educational,"support vector machines, artificial intelligence, tech",Artificial Intelligence,
Implementing Kubernetes clusters is a standard practice in current Cloud Computing workflows.,educational,"kubernetes clusters, cloud computing, tech",Cloud Computing,
How does AWS Lambda contribute to the overall efficiency of Cloud Computing systems?,educational,"aws lambda, cloud computing, tech",Cloud Computing,
The fundamental principles of Matplotlib plots are essential for any Data Science professional.,educational,"matplotlib plots, data science, tech",Data Science,
"In the field of Cloud Computing, Virtualization plays a key role in system optimization.",educational,"virtualization, cloud computing, tech",Cloud Computing,
"In the field of Cybersecurity, Cybersecurity forensics plays a key role in system optimization.",educational,"cybersecurity forensics, cybersecurity, tech",Cybersecurity,
Implementing State management is a standard practice in current Web Development workflows.,educational,"state management, web development, tech",Web Development,
The fundamental principles of Software development lifecycle are essential for any Software Engineering professional.,educational,"software development lifecycle, software engineering, tech",Software Engineering,
How does Gradient descent contribute to the overall efficiency of Artificial Intelligence systems?,educational,"gradient descent, artificial intelligence, tech",Artificial Intelligence,
An in-depth study of iOS Swift programming is required to master Mobile Development.,educational,"ios swift programming, mobile development, tech",Mobile Development,
How does Android SDK contribute to the overall efficiency of Mobile Development systems?,educational,"android sdk, mobile development, tech",Mobile Development,
Understanding Identity and access management helps developers build more robust solutions in Cybersecurity.,educational,"identity and access management, cybersecurity, tech",Cybersecurity,
Modern Networking curriculums focus heavily on IPv6 addressing for better security and performance.,educational,"ipv6 addressing, networking, tech",Networking,
The fundamental principles of Cloud security are essential for any Cloud Computing professional.,educational,"cloud security, cloud computing, tech",Cloud Computing,
Understanding Network latency helps developers build more robust solutions in Networking.,educational,"network latency, networking, tech",Networking,
Understanding Kubernetes clusters helps developers build more robust solutions in Cloud Computing.,educational,"kubernetes clusters, cloud computing, tech",Cloud Computing,
Modern Artificial Intelligence curriculums focus heavily on Support vector machines for better security and performance.,educational,"support vector machines, artificial intelligence, tech",Artificial Intelligence,
"In the field of Artificial Intelligence, Generative AI plays a key role in system optimization.",educational,"generative ai, artificial intelligence, tech",Artificial Intelligence,
"In the field of Data Science, Feature engineering plays a key role in system optimization.",educational,"feature engineering, data science, tech",Data Science,
Learning Android SDK is the first step toward becoming an expert in Mobile Development.,educational,"android sdk, mobile development, tech",Mobile Development,
Modern Artificial Intelligence curriculums focus heavily on AI ethics for better security and performance.,educational,"ai ethics, artificial intelligence, tech",Artificial Intelligence,
An in-depth study of Hypertext Transfer Protocol (HTTP) is required to master Networking.,educational,"hypertext transfer protocol (http), networking, tech",Networking,
How does Network latency contribute to the overall efficiency of Networking systems?,educational,"network latency, networking, tech",Networking,
How does iOS Swift programming contribute to the overall efficiency of Mobile Development systems?,educational,"ios swift programming, mobile development, tech",Mobile Development,
Understanding Backpropagation helps developers build more robust solutions in Artificial Intelligence.,educational,"backpropagation, artificial intelligence, tech",Artificial Intelligence,
The fundamental principles of Secure Shell (SSH) are essential for any Networking professional.,educational,"secure shell (ssh), networking, tech",Networking,
An in-depth study of Mobile UI/UX design is required to master Mobile Development.,educational,"mobile ui/ux design, mobile development, tech",Mobile Development,
Learning Pandas library is the first step toward becoming an expert in Data Science.,educational,"pandas library, data science, tech",Data Science,
Understanding Load balancing helps developers build more robust solutions in Networking.,educational,"load balancing, networking, tech",Networking,
Understanding Network topology helps developers build more robust solutions in Networking.,educational,"network topology, networking, tech",Networking,
Understanding AWS Lambda helps developers build more robust solutions in Cloud Computing.,educational,"aws lambda, cloud computing, tech",Cloud Computing,
How does Mobile UI/UX design contribute to the overall efficiency of Mobile Development systems?,educational,"mobile ui/ux design, mobile development, tech",Mobile Development,
How does DOM manipulation contribute to the overall efficiency of Web Development systems?,educational,"dom manipulation, web development, tech",Web Development,
The fundamental principles of Big data analytics are essential for any Data Science professional.,educational,"big data analytics, data science, tech",Data Science,
Implementing Data mining is a standard practice in current Data Science workflows.,educational,"data mining, data science, tech",Data Science,
An in-depth study of Matplotlib plots is required to master Data Science.,educational,"matplotlib plots, data science, tech",Data Science,
How does Kotlin coroutines contribute to the overall efficiency of Mobile Development systems?,educational,"kotlin coroutines, mobile development, tech",Mobile Development,
Learning Intrusion detection systems is the first step toward becoming an expert in Cybersecurity.,educational,"intrusion detection systems, cybersecurity, tech",Cybersecurity,
"In the field of Data Science, Underfitting plays a key role in system optimization.",educational,"underfitting, data science, tech",Data Science,
The fundamental principles of Reinforcement learning are essential for any Artificial Intelligence professional.,educational,"reinforcement learning, artificial intelligence, tech",Artificial Intelligence,
Implementing Pandas library is a standard practice in current Data Science workflows.,educational,"pandas library, data science, tech",Data Science,
The fundamental principles of Terraform modules are essential for any Cloud Computing professional.,educational,"terraform modules, cloud computing, tech",Cloud Computing,
Modern Web Development curriculums focus heavily on DOM manipulation for better security and performance.,educational,"dom manipulation, web development, tech",Web Development,
Learning PyTorch is the first step toward becoming an expert in Artificial Intelligence.,educational,"pytorch, artificial intelligence, tech",Artificial Intelligence,
An in-depth study of Version control is required to master Software Engineering.,educational,"version control, software engineering, tech",Software Engineering,
Understanding K-means clustering helps developers build more robust solutions in Artificial Intelligence.,educational,"k-means clustering, artificial intelligence, tech",Artificial Intelligence,
"In the field of Software Engineering, Software development lifecycle plays a key role in system optimization.",educational,"software development lifecycle, software engineering, tech",Software Engineering,
Understanding HTML5 semantics helps developers build more robust solutions in Web Development.,educational,"html5 semantics, web development, tech",Web Development,
"In the field of Networking, File Transfer Protocol (FTP) plays a key role in system optimization.",educational,"file transfer protocol (ftp), networking, tech",Networking,
Learning Serverless computing is the first step toward becoming an expert in Software Engineering.,educational,"serverless computing, software engineering, tech",Software Engineering,
"In the field of Web Development, TypeScript typing plays a key role in system optimization.",educational,"typescript typing, web development, tech",Web Development,
An in-depth study of DOM manipulation is required to master Web Development.,educational,"dom manipulation, web development, tech",Web Development,
The fundamental principles of Flutter widgets are essential for any Mobile Development professional.,educational,"flutter widgets, mobile development, tech",Mobile Development,
The fundamental principles of AWS Lambda are essential for any Cloud Computing professional.,educational,"aws lambda, cloud computing, tech",Cloud Computing,
Implementing Kotlin coroutines is a standard practice in current Mobile Development workflows.,educational,"kotlin coroutines, mobile development, tech",Mobile Development,
Modern Networking curriculums focus heavily on File Transfer Protocol (FTP) for better security and performance.,educational,"file transfer protocol (ftp), networking, tech",Networking,
How does PyTorch contribute to the overall efficiency of Artificial Intelligence systems?,educational,"pytorch, artificial intelligence, tech",Artificial Intelligence,
Implementing Underfitting is a standard practice in current Data Science workflows.,educational,"underfitting, data science, tech",Data Science,
Understanding SOLID principles helps developers build more robust solutions in Software Engineering.,educational,"solid principles, software engineering, tech",Software Engineering,
"In the field of Cybersecurity, Ransomware prevention plays a key role in system optimization.",educational,"ransomware prevention, cybersecurity, tech",Cybersecurity,
Understanding Big data analytics helps developers build more robust solutions in Data Science.,educational,"big data analytics, data science, tech",Data Science,
An in-depth study of Large Language Models is required to master Artificial Intelligence.,educational,"large language models, artificial intelligence, tech",Artificial Intelligence,
Understanding Version control helps developers build more robust solutions in Software Engineering.,educational,"version control, software engineering, tech",Software Engineering,
Implementing HTML5 semantics is a standard practice in current Web Development workflows.,educational,"html5 semantics, web development, tech",Web Development,
Modern Artificial Intelligence curriculums focus heavily on PyTorch for better security and performance.,educational,"pytorch, artificial intelligence, tech",Artificial Intelligence,
Understanding Websockets helps developers build more robust solutions in Networking.,educational,"websockets, networking, tech",Networking,
"In the field of Data Science, Overfitting prevention plays a key role in system optimization.",educational,"overfitting prevention, data science, tech",Data Science,
An in-depth study of Subnetting is required to master Networking.,educational,"subnetting, networking, tech",Networking,
The fundamental principles of Infrastructure as Code are essential for any Cloud Computing professional.,educational,"infrastructure as code, cloud computing, tech",Cloud Computing,
"In the field of Cloud Computing, SaaS vs PaaS vs IaaS plays a key role in system optimization.",educational,"saas vs paas vs iaas, cloud computing, tech",Cloud Computing,
Understanding Exploratory data analysis helps developers build more robust solutions in Data Science.,educational,"exploratory data analysis, data science, tech",Data Science,
The fundamental principles of Kubernetes clusters are essential for any Cloud Computing professional.,educational,"kubernetes clusters, cloud computing, tech",Cloud Computing,
Learning Docker containers is the first step toward becoming an expert in Cloud Computing.,educational,"docker containers, cloud computing, tech",Cloud Computing,
Modern Cybersecurity curriculums focus heavily on SQL injection for better security and performance.,educational,"sql injection, cybersecurity, tech",Cybersecurity,
Modern Cloud Computing curriculums focus heavily on Kubernetes clusters for better security and performance.,educational,"kubernetes clusters, cloud computing, tech",Cloud Computing,
Implementing API documentation is a standard practice in current Software Engineering workflows.,educational,"api documentation, software engineering, tech",Software Engineering,
Implementing OSI model layers is a standard practice in current Networking workflows.,educational,"osi model layers, networking, tech",Networking,
Implementing Feature engineering is a standard practice in current Data Science workflows.,educational,"feature engineering, data science, tech",Data Science,
How does Kubernetes clusters contribute to the overall efficiency of Cloud Computing systems?,educational,"kubernetes clusters, cloud computing, tech",Cloud Computing,
Implementing Cloud security is a standard practice in current Cloud Computing workflows.,educational,"cloud security, cloud computing, tech",Cloud Computing,
The fundamental principles of Overfitting prevention are essential for any Data Science professional.,educational,"overfitting prevention, data science, tech",Data Science,
Implementing Infrastructure as Code is a standard practice in current Cloud Computing workflows.,educational,"infrastructure as code, cloud computing, tech",Cloud Computing,
The fundamental principles of Decision trees are essential for any Artificial Intelligence professional.,educational,"decision trees, artificial intelligence, tech",Artificial Intelligence,
Learning Underfitting is the first step toward becoming an expert in Data Science.,educational,"underfitting, data science, tech",Data Science,
Implementing RESTful web services is a standard practice in current Web Development workflows.,educational,"restful web services, web development, tech",Web Development,
Implementing JavaScript frameworks is a standard practice in current Web Development workflows.,educational,"javascript frameworks, web development, tech",Web Development,
Learning File Transfer Protocol (FTP) is the first step toward becoming an expert in Networking.,educational,"file transfer protocol (ftp), networking, tech",Networking,
Understanding Cryptography helps developers build more robust solutions in Cybersecurity.,educational,"cryptography, cybersecurity, tech",Cybersecurity,
The fundamental principles of Gradient descent are essential for any Artificial Intelligence professional.,educational,"gradient descent, artificial intelligence, tech",Artificial Intelligence,
Modern Cloud Computing curriculums focus heavily on Edge computing for better security and performance.,educational,"edge computing, cloud computing, tech",Cloud Computing,
Learning Identity and access management is the first step toward becoming an expert in Cybersecurity.,educational,"identity and access management, cybersecurity, tech",Cybersecurity,
Understanding RESTful web services helps developers build more robust solutions in Web Development.,educational,"restful web services, web development, tech",Web Development,
Modern Artificial Intelligence curriculums focus heavily on Decision trees for better security and performance.,educational,"decision trees, artificial intelligence, tech",Artificial Intelligence,
Implementing Penetration testing is a standard practice in current Cybersecurity workflows.,educational,"penetration testing, cybersecurity, tech",Cybersecurity,
"In the field of Software Engineering, Unit testing plays a key role in system optimization.",educational,"unit testing, software engineering, tech",Software Engineering,
Learning Websockets is the first step toward becoming an expert in Networking.,educational,"websockets, networking, tech",Networking,
Modern Web Development curriculums focus heavily on GraphQL queries for better security and performance.,educational,"graphql queries, web development, tech",Web Development,
Implementing Secure Shell (SSH) is a standard practice in current Networking workflows.,educational,"secure shell (ssh), networking, tech",Networking,
Modern Cybersecurity curriculums focus heavily on Ransomware prevention for better security and performance.,educational,"ransomware prevention, cybersecurity, tech",Cybersecurity,
Understanding File Transfer Protocol (FTP) helps developers build more robust solutions in Networking.,educational,"file transfer protocol (ftp), networking, tech",Networking,
"In the field of Web Development, DOM manipulation plays a key role in system optimization.",educational,"dom manipulation, web development, tech",Web Development,
An in-depth study of Docker containers is required to master Cloud Computing.,educational,"docker containers, cloud computing, tech",Cloud Computing,
How does Matplotlib plots contribute to the overall efficiency of Data Science systems?,educational,"matplotlib plots, data science, tech",Data Science,
Learning Gradient descent is the first step toward becoming an expert in Artificial Intelligence.,educational,"gradient descent, artificial intelligence, tech",Artificial Intelligence,
Understanding Unsupervised learning helps developers build more robust solutions in Artificial Intelligence.,educational,"unsupervised learning, artificial intelligence, tech",Artificial Intelligence,
The fundamental principles of Dependency injection are essential for any Software Engineering professional.,educational,"dependency injection, software engineering, tech",Software Engineering,
Modern Mobile Development curriculums focus heavily on iOS Swift programming for better security and performance.,educational,"ios swift programming, mobile development, tech",Mobile Development,
Understanding Terraform modules helps developers build more robust solutions in Cloud Computing.,educational,"terraform modules, cloud computing, tech",Cloud Computing,
Modern Software Engineering curriculums focus heavily on Scrum framework for better security and performance.,educational,"scrum framework, software engineering, tech",Software Engineering,
Implementing Serverless computing is a standard practice in current Software Engineering workflows.,educational,"serverless computing, software engineering, tech",Software Engineering,
Implementing Bias in AI is a standard practice in current Artificial Intelligence workflows.,educational,"bias in ai, artificial intelligence, tech",Artificial Intelligence,
An in-depth study of Neural networks is required to master Artificial Intelligence.,educational,"neural networks, artificial intelligence, tech",Artificial Intelligence,
An in-depth study of Microservices architecture is required to master Software Engineering.,educational,"microservices architecture, software engineering, tech",Software Engineering,
Understanding Cybersecurity forensics helps developers build more robust solutions in Cybersecurity.,educational,"cybersecurity forensics, cybersecurity, tech",Cybersecurity,
The fundamental principles of Push notifications are essential for any Mobile Development professional.,educational,"push notifications, mobile development, tech",Mobile Development,
An in-depth study of React Native components is required to master Mobile Development.,educational,"react native components, mobile development, tech",Mobile Development,
How does Overfitting prevention contribute to the overall efficiency of Data Science systems?,educational,"overfitting prevention, data science, tech",Data Science,
How does Intrusion detection systems contribute to the overall efficiency of Cybersecurity systems?,educational,"intrusion detection systems, cybersecurity, tech",Cybersecurity,
"In the field of Artificial Intelligence, Computer vision plays a key role in system optimization.",educational,"computer vision, artificial intelligence, tech",Artificial Intelligence,
Modern Mobile Development curriculums focus heavily on Android SDK for better security and performance.,educational,"android sdk, mobile development, tech",Mobile Development,
Implementing Server-side rendering is a standard practice in current Web Development workflows.,educational,"server-side rendering, web development, tech",Web Development,
The fundamental principles of React Native components are essential for any Mobile Development professional.,educational,"react native components, mobile development, tech",Mobile Development,
Understanding Two-factor authentication helps developers build more robust solutions in Cybersecurity.,educational,"two-factor authentication, cybersecurity, tech",Cybersecurity,
An in-depth study of Progressive Web Apps (PWA) is required to master Web Development.,educational,"progressive web apps (pwa), web development, tech",Web Development,
"In the field of Artificial Intelligence, Reinforcement learning plays a key role in system optimization.",educational,"reinforcement learning, artificial intelligence, tech",Artificial Intelligence,
Understanding Hypertext Transfer Protocol (HTTP) helps developers build more robust solutions in Networking.,educational,"hypertext transfer protocol (http), networking, tech",Networking,
How does Cloud security contribute to the overall efficiency of Cloud Computing systems?,educational,"cloud security, cloud computing, tech",Cloud Computing,
How does Design patterns contribute to the overall efficiency of Software Engineering systems?,educational,"design patterns, software engineering, tech",Software Engineering,
"In the field of Web Development, JavaScript frameworks plays a key role in system optimization.",educational,"javascript frameworks, web development, tech",Web Development,
How does R programming contribute to the overall efficiency of Data Science systems?,educational,"r programming, data science, tech",Data Science,
The fundamental principles of Version control are essential for any Software Engineering professional.,educational,"version control, software engineering, tech",Software Engineering,
"In the field of Software Engineering, API documentation plays a key role in system optimization.",educational,"api documentation, software engineering, tech",Software Engineering,
Understanding R programming helps developers build more robust solutions in Data Science.,educational,"r programming, data science, tech",Data Science,
How does Neural networks contribute to the overall efficiency of Artificial Intelligence systems?,educational,"neural networks, artificial intelligence, tech",Artificial Intelligence,
An in-depth study of Network latency is required to master Networking.,educational,"network latency, networking, tech",Networking,
Implementing Backpropagation is a standard practice in current Artificial Intelligence workflows.,educational,"backpropagation, artificial intelligence, tech",Artificial Intelligence,
An in-depth study of Zero trust architecture is required to master Cybersecurity.,educational,"zero trust architecture, cybersecurity, tech",Cybersecurity,
How does Edge computing contribute to the overall efficiency of Cloud Computing systems?,educational,"edge computing, cloud computing, tech",Cloud Computing,
"In the field of Networking, OSI model layers plays a key role in system optimization.",educational,"osi model layers, networking, tech",Networking,
Modern Cloud Computing curriculums focus heavily on Infrastructure as Code for better security and performance.,educational,"infrastructure as code, cloud computing, tech",Cloud Computing,
Learning Unit testing is the first step toward becoming an expert in Software Engineering.,educational,"unit testing, software engineering, tech",Software Engineering,
How does Backpropagation contribute to the overall efficiency of Artificial Intelligence systems?,educational,"backpropagation, artificial intelligence, tech",Artificial Intelligence,
Implementing Elastic Load Balancing is a standard practice in current Cloud Computing workflows.,educational,"elastic load balancing, cloud computing, tech",Cloud Computing,
How does App Store optimization contribute to the overall efficiency of Mobile Development systems?,educational,"app store optimization, mobile development, tech",Mobile Development,
Modern Cybersecurity curriculums focus heavily on Social engineering for better security and performance.,educational,"social engineering, cybersecurity, tech",Cybersecurity,
Learning CSS Grid and Flexbox is the first step toward becoming an expert in Web Development.,educational,"css grid and flexbox, web development, tech",Web Development,
An in-depth study of State management is required to master Web Development.,educational,"state management, web development, tech",Web Development,
"In the field of Artificial Intelligence, Gradient descent plays a key role in system optimization.",educational,"gradient descent, artificial intelligence, tech",Artificial Intelligence,
An in-depth study of IPv6 addressing is required to master Networking.,educational,"ipv6 addressing, networking, tech",Networking,
"In the field of Web Development, Cross-site scripting (XSS) plays a key role in system optimization.",educational,"cross-site scripting (xss), web development, tech",Web Development,
Understanding DOM manipulation helps developers build more robust solutions in Web Development.,educational,"dom manipulation, web development, tech",Web Development,
How does BGP routing contribute to the overall efficiency of Networking systems?,educational,"bgp routing, networking, tech",Networking,
How does Dependency injection contribute to the overall efficiency of Software Engineering systems?,educational,"dependency injection, software engineering, tech",Software Engineering,
How does Feature engineering contribute to the overall efficiency of Data Science systems?,educational,"feature engineering, data science, tech",Data Science,
Learning Malware analysis is the first step toward becoming an expert in Cybersecurity.,educational,"malware analysis, cybersecurity, tech",Cybersecurity,
The fundamental principles of Cloud storage are essential for any Cloud Computing professional.,educational,"cloud storage, cloud computing, tech",Cloud Computing,
The fundamental principles of Ransomware prevention are essential for any Cybersecurity professional.,educational,"ransomware prevention, cybersecurity, tech",Cybersecurity,
Modern Software Engineering curriculums focus heavily on SOLID principles for better security and performance.,educational,"solid principles, software engineering, tech",Software Engineering,
How does Cryptography contribute to the overall efficiency of Cybersecurity systems?,educational,"cryptography, cybersecurity, tech",Cybersecurity,
The fundamental principles of Data normalization are essential for any Data Science professional.,educational,"data normalization, data science, tech",Data Science,
Implementing Cybersecurity forensics is a standard practice in current Cybersecurity workflows.,educational,"cybersecurity forensics, cybersecurity, tech",Cybersecurity,
Learning Elastic Load Balancing is the first step toward becoming an expert in Cloud Computing.,educational,"elastic load balancing, cloud computing, tech",Cloud Computing,
Modern Artificial Intelligence curriculums focus heavily on K-means clustering for better security and performance.,educational,"k-means clustering, artificial intelligence, tech",Artificial Intelligence,
"In the field of Cybersecurity, Intrusion detection systems plays a key role in system optimization.",educational,"intrusion detection systems, cybersecurity, tech",Cybersecurity,
"In the field of Cloud Computing, Edge computing plays a key role in system optimization.",educational,"edge computing, cloud computing, tech",Cloud Computing,
How does Support vector machines contribute to the overall efficiency of Artificial Intelligence systems?,educational,"support vector machines, artificial intelligence, tech",Artificial Intelligence,
An in-depth study of Elastic Load Balancing is required to master Cloud Computing.,educational,"elastic load balancing, cloud computing, tech",Cloud Computing,
Learning Version control is the first step toward becoming an expert in Software Engineering.,educational,"version control, software engineering, tech",Software Engineering,
Learning iOS Swift programming is the first step toward becoming an expert in Mobile Development.,educational,"ios swift programming, mobile development, tech",Mobile Development,
Understanding Microservices architecture helps developers build more robust solutions in Software Engineering.,educational,"microservices architecture, software engineering, tech",Software Engineering,
Learning Random forests is the first step toward becoming an expert in Artificial Intelligence.,educational,"random forests, artificial intelligence, tech",Artificial Intelligence,
The fundamental principles of Feature engineering are essential for any Data Science professional.,educational,"feature engineering, data science, tech",Data Science,
Understanding Phishing attacks helps developers build more robust solutions in Cybersecurity.,educational,"phishing attacks, cybersecurity, tech",Cybersecurity,
Understanding Data mining helps developers build more robust solutions in Data Science.,educational,"data mining, data science, tech",Data Science,
"In the field of Networking, Subnetting plays a key role in system optimization.",educational,"subnetting, networking, tech",Networking,
Implementing Microservices architecture is a standard practice in current Software Engineering workflows.,educational,"microservices architecture, software engineering, tech",Software Engineering,
"In the field of Data Science, NumPy arrays plays a key role in system optimization.",educational,"numpy arrays, data science, tech",Data Science,
How does Multi-cloud strategy contribute to the overall efficiency of Cloud Computing systems?,educational,"multi-cloud strategy, cloud computing, tech",Cloud Computing,
The fundamental principles of Computer vision are essential for any Artificial Intelligence professional.,educational,"computer vision, artificial intelligence, tech",Artificial Intelligence,
Implementing Unsupervised learning is a standard practice in current Artificial Intelligence workflows.,educational,"unsupervised learning, artificial intelligence, tech",Artificial Intelligence,
Modern Cybersecurity curriculums focus heavily on Cybersecurity forensics for better security and performance.,educational,"cybersecurity forensics, cybersecurity, tech",Cybersecurity,
An in-depth study of Scrum framework is required to master Software Engineering.,educational,"scrum framework, software engineering, tech",Software Engineering,
Learning AWS Lambda is the first step toward becoming an expert in Cloud Computing.,educational,"aws lambda, cloud computing, tech",Cloud Computing,
How does Virtualization contribute to the overall efficiency of Cloud Computing systems?,educational,"virtualization, cloud computing, tech",Cloud Computing,
Learning Subnetting is the first step toward becoming an expert in Networking.,educational,"subnetting, networking, tech",Networking,
Understanding API documentation helps developers build more robust solutions in Software Engineering.,educational,"api documentation, software engineering, tech",Software Engineering,
Modern Data Science curriculums focus heavily on NumPy arrays for better security and performance.,educational,"numpy arrays, data science, tech",Data Science,
Understanding Agile methodology helps developers build more robust solutions in Software Engineering.,educational,"agile methodology, software engineering, tech",Software Engineering,
"In the field of Cloud Computing, Multi-cloud strategy plays a key role in system optimization.",educational,"multi-cloud strategy, cloud computing, tech",Cloud Computing,
How does Big data analytics contribute to the overall efficiency of Data Science systems?,educational,"big data analytics, data science, tech",Data Science,
Understanding PyTorch helps developers build more robust solutions in Artificial Intelligence.,educational,"pytorch, artificial intelligence, tech",Artificial Intelligence,
"In the field of Networking, BGP routing plays a key role in system optimization.",educational,"bgp routing, networking, tech",Networking,
"In the field of Cybersecurity, Malware analysis plays a key role in system optimization.",educational,"malware analysis, cybersecurity, tech",Cybersecurity,
An in-depth study of K-means clustering is required to master Artificial Intelligence.,educational,"k-means clustering, artificial intelligence, tech",Artificial Intelligence,
"In the field of Artificial Intelligence, Large Language Models plays a key role in system optimization.",educational,"large language models, artificial intelligence, tech",Artificial Intelligence,
Implementing Dependency injection is a standard practice in current Software Engineering workflows.,educational,"dependency injection, software engineering, tech",Software Engineering,
Modern Web Development curriculums focus heavily on State management for better security and performance.,educational,"state management, web development, tech",Web Development,
Learning Mobile UI/UX design is the first step toward becoming an expert in Mobile Development.,educational,"mobile ui/ux design, mobile development, tech",Mobile Development,
Learning Design patterns is the first step toward becoming an expert in Software Engineering.,educational,"design patterns, software engineering, tech",Software Engineering,
"In the field of Software Engineering, Scrum framework plays a key role in system optimization.",educational,"scrum framework, software engineering, tech",Software Engineering,
Learning Unsupervised learning is the first step toward becoming an expert in Artificial Intelligence.,educational,"unsupervised learning, artificial intelligence, tech",Artificial Intelligence,
Learning Edge computing is the first step toward becoming an expert in Cloud Computing.,educational,"edge computing, cloud computing, tech",Cloud Computing,
An in-depth study of Infrastructure as Code is required to master Cloud Computing.,educational,"infrastructure as code, cloud computing, tech",Cloud Computing,
How does Mobile backend integration contribute to the overall efficiency of Mobile Development systems?,educational,"mobile backend integration, mobile development, tech",Mobile Development,
Learning Code refactoring is the first step toward becoming an expert in Software Engineering.,educational,"code refactoring, software engineering, tech",Software Engineering,
Modern Artificial Intelligence curriculums focus heavily on Backpropagation for better security and performance.,educational,"backpropagation, artificial intelligence, tech",Artificial Intelligence,
How does SaaS vs PaaS vs IaaS contribute to the overall efficiency of Cloud Computing systems?,educational,"saas vs paas vs iaas, cloud computing, tech",Cloud Computing,
Understanding Elastic Load Balancing helps developers build more robust solutions in Cloud Computing.,educational,"elastic load balancing, cloud computing, tech",Cloud Computing,
The fundamental principles of Zero trust architecture are essential for any Cybersecurity professional.,educational,"zero trust architecture, cybersecurity, tech",Cybersecurity,
Modern Artificial Intelligence curriculums focus heavily on Large Language Models for better security and performance.,educational,"large language models, artificial intelligence, tech",Artificial Intelligence,
Understanding Data warehousing helps developers build more robust solutions in Data Science.,educational,"data warehousing, data science, tech",Data Science,
Understanding Kotlin coroutines helps developers build more robust solutions in Mobile Development.,educational,"kotlin coroutines, mobile development, tech",Mobile Development,
The fundamental principles of TensorFlow are essential for any Artificial Intelligence professional.,educational,"tensorflow, artificial intelligence, tech",Artificial Intelligence,
The fundamental principles of Mobile backend integration are essential for any Mobile Development professional.,educational,"mobile backend integration, mobile development, tech",Mobile Development,
How does Large Language Models contribute to the overall efficiency of Artificial Intelligence systems?,educational,"large language models, artificial intelligence, tech",Artificial Intelligence,
Understanding React Native components helps developers build more robust solutions in Mobile Development.,educational,"react native components, mobile development, tech",Mobile Development,
Understanding Reinforcement learning helps developers build more robust solutions in Artificial Intelligence.,educational,"reinforcement learning, artificial intelligence, tech",Artificial Intelligence,
"In the field of Networking, Websockets plays a key role in system optimization.",educational,"websockets, networking, tech",Networking,
An in-depth study of Cross-site scripting (XSS) is required to master Web Development.,educational,"cross-site scripting (xss), web development, tech",Web Development,
Implementing DOM manipulation is a standard practice in current Web Development workflows.,educational,"dom manipulation, web development, tech",Web Development,
Learning Matplotlib plots is the first step toward becoming an expert in Data Science.,educational,"matplotlib plots, data science, tech",Data Science,
Understanding JavaScript frameworks helps developers build more robust solutions in Web Development.,educational,"javascript frameworks, web development, tech",Web Development,
"In the field of Artificial Intelligence, Decision trees plays a key role in system optimization.",educational,"decision trees, artificial intelligence, tech",Artificial Intelligence,
Learning React Native components is the first step toward becoming an expert in Mobile Development.,educational,"react native components, mobile development, tech",Mobile Development,
Modern Web Development curriculums focus heavily on Cross-site scripting (XSS) for better security and performance.,educational,"cross-site scripting (xss), web development, tech",Web Development,
Implementing CSS Grid and Flexbox is a standard practice in current Web Development workflows.,educational,"css grid and flexbox, web development, tech",Web Development,
Understanding Push notifications helps developers build more robust solutions in Mobile Development.,educational,"push notifications, mobile development, tech",Mobile Development,
An in-depth study of Network topology is required to master Networking.,educational,"network topology, networking, tech",Networking,
Implementing Edge computing is a standard practice in current Cloud Computing workflows.,educational,"edge computing, cloud computing, tech",Cloud Computing,
Implementing Identity and access management is a standard practice in current Cybersecurity workflows.,educational,"identity and access management, cybersecurity, tech",Cybersecurity,
Learning State management is the first step toward becoming an expert in Web Development.,educational,"state management, web development, tech",Web Development,
Learning Backpropagation is the first step toward becoming an expert in Artificial Intelligence.,educational,"backpropagation, artificial intelligence, tech",Artificial Intelligence,
Modern Cloud Computing curriculums focus heavily on Cloud storage for better security and performance.,educational,"cloud storage, cloud computing, tech",Cloud Computing,
Understanding Virtualization helps developers build more robust solutions in Cloud Computing.,educational,"virtualization, cloud computing, tech",Cloud Computing,
Learning Network topology is the first step toward becoming an expert in Networking.,educational,"network topology, networking, tech",Networking,
How does Computer vision contribute to the overall efficiency of Artificial Intelligence systems?,educational,"computer vision, artificial intelligence, tech",Artificial Intelligence,
Implementing Network topology is a standard practice in current Networking workflows.,educational,"network topology, networking, tech",Networking,
The fundamental principles of Virtual Private Networks (VPN) are essential for any Networking professional.,educational,"virtual private networks (vpn), networking, tech",Networking,
"In the field of Software Engineering, Microservices architecture plays a key role in system optimization.",educational,"microservices architecture, software engineering, tech",Software Engineering,
Implementing Design patterns is a standard practice in current Software Engineering workflows.,educational,"design patterns, software engineering, tech",Software Engineering,
How does TCP/IP protocols contribute to the overall efficiency of Networking systems?,educational,"tcp/ip protocols, networking, tech",Networking,
Learning API documentation is the first step toward becoming an expert in Software Engineering.,educational,"api documentation, software engineering, tech",Software Engineering,
Learning App Store optimization is the first step toward becoming an expert in Mobile Development.,educational,"app store optimization, mobile development, tech",Mobile Development,
Learning Zero trust architecture is the first step toward becoming an expert in Cybersecurity.,educational,"zero trust architecture, cybersecurity, tech",Cybersecurity,
Learning BGP routing is the first step toward becoming an expert in Networking.,educational,"bgp routing, networking, tech",Networking,
Learning Transformers is the first step toward becoming an expert in Artificial Intelligence.,educational,"transformers, artificial intelligence, tech",Artificial Intelligence,
The fundamental principles of Kotlin coroutines are essential for any Mobile Development professional.,educational,"kotlin coroutines, mobile development, tech",Mobile Development,
"In the field of Software Engineering, SOLID principles plays a key role in system optimization.",educational,"solid principles, software engineering, tech",Software Engineering,
Modern Software Engineering curriculums focus heavily on Version control for better security and performance.,educational,"version control, software engineering, tech",Software Engineering,
Modern Software Engineering curriculums focus heavily on Code refactoring for better security and performance.,educational,"code refactoring, software engineering, tech",Software Engineering,
Implementing Overfitting prevention is a standard practice in current Data Science workflows.,educational,"overfitting prevention, data science, tech",Data Science,
An in-depth study of Agile methodology is required to master Software Engineering.,educational,"agile methodology, software engineering, tech",Software Engineering,
How does Phishing attacks contribute to the overall efficiency of Cybersecurity systems?,educational,"phishing attacks, cybersecurity, tech",Cybersecurity,
An in-depth study of Overfitting prevention is required to master Data Science.,educational,"overfitting prevention, data science, tech",Data Science,
"In the field of Software Engineering, Continuous Integration (CI/CD) plays a key role in system optimization.",educational,"continuous integration (ci/cd), software engineering, tech",Software Engineering,
"In the field of Software Engineering, Agile methodology plays a key role in system optimization.",educational,"agile methodology, software engineering, tech",Software Engineering,
The fundamental principles of Agile methodology are essential for any Software Engineering professional.,educational,"agile methodology, software engineering, tech",Software Engineering,
"In the field of Mobile Development, Kotlin coroutines plays a key role in system optimization.",educational,"kotlin coroutines, mobile development, tech",Mobile Development,
The fundamental principles of Network topology are essential for any Networking professional.,educational,"network topology, networking, tech",Networking,
How does Social engineering contribute to the overall efficiency of Cybersecurity systems?,educational,"social engineering, cybersecurity, tech",Cybersecurity,
The fundamental principles of K-means clustering are essential for any Artificial Intelligence professional.,educational,"k-means clustering, artificial intelligence, tech",Artificial Intelligence,
Understanding Firewall rules helps developers build more robust solutions in Cybersecurity.,educational,"firewall rules, cybersecurity, tech",Cybersecurity,
Understanding Android SDK helps developers build more robust solutions in Mobile Development.,educational,"android sdk, mobile development, tech",Mobile Development,
Implementing Code refactoring is a standard practice in current Software Engineering workflows.,educational,"code refactoring, software engineering, tech",Software Engineering,
Modern Cloud Computing curriculums focus heavily on Virtualization for better security and performance.,educational,"virtualization, cloud computing, tech",Cloud Computing,
"In the field of Mobile Development, Push notifications plays a key role in system optimization.",educational,"push notifications, mobile development, tech",Mobile Development,
"In the field of Artificial Intelligence, TensorFlow plays a key role in system optimization.",educational,"tensorflow, artificial intelligence, tech",Artificial Intelligence,
Modern Networking curriculums focus heavily on Subnetting for better security and performance.,educational,"subnetting, networking, tech",Networking,
An in-depth study of GraphQL queries is required to master Web Development.,educational,"graphql queries, web development, tech",Web Development,
How does Data mining contribute to the overall efficiency of Data Science systems?,educational,"data mining, data science, tech",Data Science,
An in-depth study of Dependency injection is required to master Software Engineering.,educational,"dependency injection, software engineering, tech",Software Engineering,
An in-depth study of DNS resolution is required to master Networking.,educational,"dns resolution, networking, tech",Networking,
Modern Cloud Computing curriculums focus heavily on Docker containers for better security and performance.,educational,"docker containers, cloud computing, tech",Cloud Computing,
Learning Overfitting prevention is the first step toward becoming an expert in Data Science.,educational,"overfitting prevention, data science, tech",Data Science,
Understanding App Store optimization helps developers build more robust solutions in Mobile Development.,educational,"app store optimization, mobile development, tech",Mobile Development,
Learning Push notifications is the first step toward becoming an expert in Mobile Development.,educational,"push notifications, mobile development, tech",Mobile Development,
Understanding Cross-site scripting (XSS) helps developers build more robust solutions in Web Development.,educational,"cross-site scripting (xss), web development, tech",Web Development,
Modern Cloud Computing curriculums focus heavily on SaaS vs PaaS vs IaaS for better security and performance.,educational,"saas vs paas vs iaas, cloud computing, tech",Cloud Computing,
"In the field of Mobile Development, App Store optimization plays a key role in system optimization.",educational,"app store optimization, mobile development, tech",Mobile Development,
Understanding React hooks helps developers build more robust solutions in Web Development.,educational,"react hooks, web development, tech",Web Development,
Modern Web Development curriculums focus heavily on JavaScript frameworks for better security and performance.,educational,"javascript frameworks, web development, tech",Web Development,
Understanding Code refactoring helps developers build more robust solutions in Software Engineering.,educational,"code refactoring, software engineering, tech",Software Engineering,
An in-depth study of R programming is required to master Data Science.,educational,"r programming, data science, tech",Data Science,
How does Data normalization contribute to the overall efficiency of Data Science systems?,educational,"data normalization, data science, tech",Data Science,
Understanding Zero trust architecture helps developers build more robust solutions in Cybersecurity.,educational,"zero trust architecture, cybersecurity, tech",Cybersecurity,
How does NoSQL databases contribute to the overall efficiency of Data Science systems?,educational,"nosql databases, data science, tech",Data Science,
An in-depth study of Kotlin coroutines is required to master Mobile Development.,educational,"kotlin coroutines, mobile development, tech",Mobile Development,
How does Supervised learning contribute to the overall efficiency of Artificial Intelligence systems?,educational,"supervised learning, artificial intelligence, tech",Artificial Intelligence,
"In the field of Networking, DNS resolution plays a key role in system optimization.",educational,"dns resolution, networking, tech",Networking,
Modern Data Science curriculums focus heavily on Underfitting for better security and performance.,educational,"underfitting, data science, tech",Data Science,
Implementing File Transfer Protocol (FTP) is a standard practice in current Networking workflows.,educational,"file transfer protocol (ftp), networking, tech",Networking,
Implementing Phishing attacks is a standard practice in current Cybersecurity workflows.,educational,"phishing attacks, cybersecurity, tech",Cybersecurity,
An in-depth study of Supervised learning is required to master Artificial Intelligence.,educational,"supervised learning, artificial intelligence, tech",Artificial Intelligence,
Learning Virtual Private Networks (VPN) is the first step toward becoming an expert in Networking.,educational,"virtual private networks (vpn), networking, tech",Networking,
Modern Data Science curriculums focus heavily on NoSQL databases for better security and performance.,educational,"nosql databases, data science, tech",Data Science,
The fundamental principles of Identity and access management are essential for any Cybersecurity professional.,educational,"identity and access management, cybersecurity, tech",Cybersecurity,
Modern Mobile Development curriculums focus heavily on React Native components for better security and performance.,educational,"react native components, mobile development, tech",Mobile Development,
Modern Web Development curriculums focus heavily on RESTful web services for better security and performance.,educational,"restful web services, web development, tech",Web Development,
Implementing React hooks is a standard practice in current Web Development workflows.,educational,"react hooks, web development, tech",Web Development,
"In the field of Artificial Intelligence, Supervised learning plays a key role in system optimization.",educational,"supervised learning, artificial intelligence, tech",Artificial Intelligence,
Implementing Cross-site scripting (XSS) is a standard practice in current Web Development workflows.,educational,"cross-site scripting (xss), web development, tech",Web Development,
The fundamental principles of Virtualization are essential for any Cloud Computing professional.,educational,"virtualization, cloud computing, tech",Cloud Computing,
Learning DNS resolution is the first step toward becoming an expert in Networking.,educational,"dns resolution, networking, tech",Networking,
An in-depth study of Cybersecurity forensics is required to master Cybersecurity.,educational,"cybersecurity forensics, cybersecurity, tech",Cybersecurity,
How does Elastic Load Balancing contribute to the overall efficiency of Cloud Computing systems?,educational,"elastic load balancing, cloud computing, tech",Cloud Computing,
Modern Networking curriculums focus heavily on TCP/IP protocols for better security and performance.,educational,"tcp/ip protocols, networking, tech",Networking,
Learning Bias in AI is the first step toward becoming an expert in Artificial Intelligence.,educational,"bias in ai, artificial intelligence, tech",Artificial Intelligence,
Modern Web Development curriculums focus heavily on HTML5 semantics for better security and performance.,educational,"html5 semantics, web development, tech",Web Development,
Modern Data Science curriculums focus heavily on Overfitting prevention for better security and performance.,educational,"overfitting prevention, data science, tech",Data Science,
An in-depth study of App Store optimization is required to master Mobile Development.,educational,"app store optimization, mobile development, tech",Mobile Development,
Understanding Generative AI helps developers build more robust solutions in Artificial Intelligence.,educational,"generative ai, artificial intelligence, tech",Artificial Intelligence,
Learning Hypertext Transfer Protocol (HTTP) is the first step toward becoming an expert in Networking.,educational,"hypertext transfer protocol (http), networking, tech",Networking,
Understanding Social engineering helps developers build more robust solutions in Cybersecurity.,educational,"social engineering, cybersecurity, tech",Cybersecurity,
Learning Network latency is the first step toward becoming an expert in Networking.,educational,"network latency, networking, tech",Networking,
Modern Mobile Development curriculums focus heavily on Kotlin coroutines for better security and performance.,educational,"kotlin coroutines, mobile development, tech",Mobile Development,
Modern Networking curriculums focus heavily on Hypertext Transfer Protocol (HTTP) for better security and performance.,educational,"hypertext transfer protocol (http), networking, tech",Networking,
Understanding TCP/IP protocols helps developers build more robust solutions in Networking.,educational,"tcp/ip protocols, networking, tech",Networking,
Understanding NumPy arrays helps developers build more robust solutions in Data Science.,educational,"numpy arrays, data science, tech",Data Science,
Modern Web Development curriculums focus heavily on Progressive Web Apps (PWA) for better security and performance.,educational,"progressive web apps (pwa), web development, tech",Web Development,
An in-depth study of Phishing attacks is required to master Cybersecurity.,educational,"phishing attacks, cybersecurity, tech",Cybersecurity,
Learning Cybersecurity forensics is the first step toward becoming an expert in Cybersecurity.,educational,"cybersecurity forensics, cybersecurity, tech",Cybersecurity,
How does Docker containers contribute to the overall efficiency of Cloud Computing systems?,educational,"docker containers, cloud computing, tech",Cloud Computing,
Modern Networking curriculums focus heavily on Websockets for better security and performance.,educational,"websockets, networking, tech",Networking,
How does Terraform modules contribute to the overall efficiency of Cloud Computing systems?,educational,"terraform modules, cloud computing, tech",Cloud Computing,
"In the field of Data Science, Pandas library plays a key role in system optimization.",educational,"pandas library, data science, tech",Data Science,
The fundamental principles of NoSQL databases are essential for any Data Science professional.,educational,"nosql databases, data science, tech",Data Science,
Implementing Subnetting is a standard practice in current Networking workflows.,educational,"subnetting, networking, tech",Networking,
The fundamental principles of Unit testing are essential for any Software Engineering professional.,educational,"unit testing, software engineering, tech",Software Engineering,
"In the field of Artificial Intelligence, Unsupervised learning plays a key role in system optimization.",educational,"unsupervised learning, artificial intelligence, tech",Artificial Intelligence,
Modern Cybersecurity curriculums focus heavily on Two-factor authentication for better security and performance.,educational,"two-factor authentication, cybersecurity, tech",Cybersecurity,
Modern Cybersecurity curriculums focus heavily on Phishing attacks for better security and performance.,educational,"phishing attacks, cybersecurity, tech",Cybersecurity,
An in-depth study of Continuous Integration (CI/CD) is required to master Software Engineering.,educational,"continuous integration (ci/cd), software engineering, tech",Software Engineering,
"In the field of Mobile Development, Mobile UI/UX design plays a key role in system optimization.",educational,"mobile ui/ux design, mobile development, tech",Mobile Development,
"In the field of Software Engineering, Serverless computing plays a key role in system optimization.",educational,"serverless computing, software engineering, tech",Software Engineering,
Implementing Android SDK is a standard practice in current Mobile Development workflows.,educational,"android sdk, mobile development, tech",Mobile Development,
Learning DOM manipulation is the first step toward becoming an expert in Web Development.,educational,"dom manipulation, web development, tech",Web Development,
Modern Cybersecurity curriculums focus heavily on Intrusion detection systems for better security and performance.,educational,"intrusion detection systems, cybersecurity, tech",Cybersecurity,
The fundamental principles of Unsupervised learning are essential for any Artificial Intelligence professional.,educational,"unsupervised learning, artificial intelligence, tech",Artificial Intelligence,
An in-depth study of Multi-cloud strategy is required to master Cloud Computing.,educational,"multi-cloud strategy, cloud computing, tech",Cloud Computing,
Learning Load balancing is the first step toward becoming an expert in Networking.,educational,"load balancing, networking, tech",Networking,
The fundamental principles of Load balancing are essential for any Networking professional.,educational,"load balancing, networking, tech",Networking,
How does File Transfer Protocol (FTP) contribute to the overall efficiency of Networking systems?,educational,"file transfer protocol (ftp), networking, tech",Networking,
How does IPv6 addressing contribute to the overall efficiency of Networking systems?,educational,"ipv6 addressing, networking, tech",Networking,
Modern Mobile Development curriculums focus heavily on Push notifications for better security and performance.,educational,"push notifications, mobile development, tech",Mobile Development,
Learning RESTful web services is the first step toward becoming an expert in Web Development.,educational,"restful web services, web development, tech",Web Development,
Learning Natural language processing is the first step toward becoming an expert in Artificial Intelligence.,educational,"natural language processing, artificial intelligence, tech",Artificial Intelligence,
How does Transformers contribute to the overall efficiency of Artificial Intelligence systems?,educational,"transformers, artificial intelligence, tech",Artificial Intelligence,
An in-depth study of Gradient descent is required to master Artificial Intelligence.,educational,"gradient descent, artificial intelligence, tech",Artificial Intelligence,
An in-depth study of OSI model layers is required to master Networking.,educational,"osi model layers, networking, tech",Networking,
Modern Artificial Intelligence curriculums focus heavily on Computer vision for better security and performance.,educational,"computer vision, artificial intelligence, tech",Artificial Intelligence,
The fundamental principles of Code refactoring are essential for any Software Engineering professional.,educational,"code refactoring, software engineering, tech",Software Engineering,
Understanding Serverless computing helps developers build more robust solutions in Software Engineering.,educational,"serverless computing, software engineering, tech",Software Engineering,
Modern Data Science curriculums focus heavily on Matplotlib plots for better security and performance.,educational,"matplotlib plots, data science, tech",Data Science,
Modern Software Engineering curriculums focus heavily on Design patterns for better security and performance.,educational,"design patterns, software engineering, tech",Software Engineering,
How does Bias in AI contribute to the overall efficiency of Artificial Intelligence systems?,educational,"bias in ai, artificial intelligence, tech",Artificial Intelligence,
Understanding Infrastructure as Code helps developers build more robust solutions in Cloud Computing.,educational,"infrastructure as code, cloud computing, tech",Cloud Computing,
Learning Flutter widgets is the first step toward becoming an expert in Mobile Development.,educational,"flutter widgets, mobile development, tech",Mobile Development,
Learning Multi-cloud strategy is the first step toward becoming an expert in Cloud Computing.,educational,"multi-cloud strategy, cloud computing, tech",Cloud Computing,
"In the field of Cybersecurity, Two-factor authentication plays a key role in system optimization.",educational,"two-factor authentication, cybersecurity, tech",Cybersecurity,
An in-depth study of Virtual Private Networks (VPN) is required to master Networking.,educational,"virtual private networks (vpn), networking, tech",Networking,
Learning Cloud storage is the first step toward becoming an expert in Cloud Computing.,educational,"cloud storage, cloud computing, tech",Cloud Computing,
Understanding Cloud storage helps developers build more robust solutions in Cloud Computing.,educational,"cloud storage, cloud computing, tech",Cloud Computing,
The fundamental principles of State management are essential for any Web Development professional.,educational,"state management, web development, tech",Web Development,
How does Man-in-the-middle attacks contribute to the overall efficiency of Cybersecurity systems?,educational,"man-in-the-middle attacks, cybersecurity, tech",Cybersecurity,
The fundamental principles of Subnetting are essential for any Networking professional.,educational,"subnetting, networking, tech",Networking,
Learning TCP/IP protocols is the first step toward becoming an expert in Networking.,educational,"tcp/ip protocols, networking, tech",Networking,
"In the field of Networking, Secure Shell (SSH) plays a key role in system optimization.",educational,"secure shell (ssh), networking, tech",Networking,
The fundamental principles of End-to-point encryption are essential for any Cybersecurity professional.,educational,"end-to-point encryption, cybersecurity, tech",Cybersecurity,
How does Cybersecurity forensics contribute to the overall efficiency of Cybersecurity systems?,educational,"cybersecurity forensics, cybersecurity, tech",Cybersecurity,
Learning Phishing attacks is the first step toward becoming an expert in Cybersecurity.,educational,"phishing attacks, cybersecurity, tech",Cybersecurity,
Implementing Mobile UI/UX design is a standard practice in current Mobile Development workflows.,educational,"mobile ui/ux design, mobile development, tech",Mobile Development,
How does Progressive Web Apps (PWA) contribute to the overall efficiency of Web Development systems?,educational,"progressive web apps (pwa), web development, tech",Web Development,
"In the field of Cybersecurity, Phishing attacks plays a key role in system optimization.",educational,"phishing attacks, cybersecurity, tech",Cybersecurity,
Learning Feature engineering is the first step toward becoming an expert in Data Science.,educational,"feature engineering, data science, tech",Data Science,
Implementing Big data analytics is a standard practice in current Data Science workflows.,educational,"big data analytics, data science, tech",Data Science,
How does Push notifications contribute to the overall efficiency of Mobile Development systems?,educational,"push notifications, mobile development, tech",Mobile Development,
An in-depth study of Penetration testing is required to master Cybersecurity.,educational,"penetration testing, cybersecurity, tech",Cybersecurity,
Just spent my afternoon interior design ideas and I feel amazing.,non_educational,"interior design ideas, lifestyle, lifestyle",Lifestyle,
I've been practicing marathon training lately to help clear my mind.,non_educational,"marathon training, sports & fitness, lifestyle",Sports & Fitness,
I found a great community for people who enjoy home organization.,non_educational,"home organization, lifestyle, lifestyle",Lifestyle,
I've been practicing rock climbing lately to help clear my mind.,non_educational,"rock climbing, sports & fitness, lifestyle",Sports & Fitness,
The best part of my day was home-made pizza with my friends.,non_educational,"home-made pizza, food & drink, lifestyle",Food & Drink,
I found a great community for people who enjoy backpacking through europe.,non_educational,"backpacking through europe, travel, lifestyle",Travel,
Just spent my afternoon landscape photography and I feel amazing.,non_educational,"landscape photography, arts & crafts, lifestyle",Arts & Crafts,
Who else loves local football matches as much as I do?,non_educational,"local football matches, sports & fitness, lifestyle",Sports & Fitness,
I've been practicing local food festivals lately to help clear my mind.,non_educational,"local food festivals, food & drink, lifestyle",Food & Drink,
I'm planning to start a new project involving vegetarian cooking.,non_educational,"vegetarian cooking, food & drink, lifestyle",Food & Drink,
I've been practicing hiking in the mountains lately to help clear my mind.,non_educational,"hiking in the mountains, nature, lifestyle",Nature,
I'm planning to start a new project involving pilates classes.,non_educational,"pilates classes, sports & fitness, lifestyle",Sports & Fitness,
I've been practicing knitting a sweater lately to help clear my mind.,non_educational,"knitting a sweater, arts & crafts, lifestyle",Arts & Crafts,
The best part of my day was embroidery with my friends.,non_educational,"embroidery, arts & crafts, lifestyle",Arts & Crafts,
I really enjoyed gourmet desserts last weekend; it was so refreshing.,non_educational,"gourmet desserts, food & drink, lifestyle",Food & Drink,
The best part of my day was jewelry making with my friends.,non_educational,"jewelry making, arts & crafts, lifestyle",Arts & Crafts,
I really enjoyed staying in eco-lodges last weekend; it was so refreshing.,non_educational,"staying in eco-lodges, travel, lifestyle",Travel,
I really enjoyed woodworking last weekend; it was so refreshing.,non_educational,"woodworking, arts & crafts, lifestyle",Arts & Crafts,
I've been practicing exploring caves lately to help clear my mind.,non_educational,"exploring caves, nature, lifestyle",Nature,
I've been practicing diy home decor lately to help clear my mind.,non_educational,"diy home decor, arts & crafts, lifestyle",Arts & Crafts,
I'm planning to start a new project involving national parks.,non_educational,"national parks, nature, lifestyle",Nature,
Does anyone have good tips for surfing the waves?,non_educational,"surfing the waves, sports & fitness, lifestyle",Sports & Fitness,
Just spent my afternoon morning yoga routine and I feel amazing.,non_educational,"morning yoga routine, lifestyle, lifestyle",Lifestyle,
Just spent my afternoon pottery workshops and I feel amazing.,non_educational,"pottery workshops, arts & crafts, lifestyle",Arts & Crafts,
I've been practicing bird watching lately to help clear my mind.,non_educational,"bird watching, nature, lifestyle",Nature,
The best part of my day was museum tours with my friends.,non_educational,"museum tours, travel, lifestyle",Travel,
Who else loves traditional tea ceremonies as much as I do?,non_educational,"traditional tea ceremonies, food & drink, lifestyle",Food & Drink,
I found a great community for people who enjoy interior design ideas.,non_educational,"interior design ideas, lifestyle, lifestyle",Lifestyle,
I really enjoyed pilates classes last weekend; it was so refreshing.,non_educational,"pilates classes, sports & fitness, lifestyle",Sports & Fitness,
The best part of my day was national parks with my friends.,non_educational,"national parks, nature, lifestyle",Nature,
I'm planning to start a new project involving hiking in the mountains.,non_educational,"hiking in the mountains, nature, lifestyle",Nature,
The best part of my day was hiking trails with my friends.,non_educational,"hiking trails, sports & fitness, lifestyle",Sports & Fitness,
Who else loves cleaning hacks as much as I do?,non_educational,"cleaning hacks, lifestyle, lifestyle",Lifestyle,
Who else loves scrapbooking as much as I do?,non_educational,"scrapbooking, arts & crafts, lifestyle",Arts & Crafts,
Just spent my afternoon whale watching and I feel amazing.,non_educational,"whale watching, nature, lifestyle",Nature,
I've been practicing pottery workshops lately to help clear my mind.,non_educational,"pottery workshops, arts & crafts, lifestyle",Arts & Crafts,
Does anyone have good tips for backpacking through europe?,non_educational,"backpacking through europe, travel, lifestyle",Travel,
I really enjoyed personal finance tips last weekend; it was so refreshing.,non_educational,"personal finance tips, lifestyle, lifestyle",Lifestyle,
I'm planning to start a new project involving learning a new language during travel.,non_educational,"learning a new language during travel, travel, lifestyle",Travel,
Who else loves interior design ideas as much as I do?,non_educational,"interior design ideas, lifestyle, lifestyle",Lifestyle,
Just spent my afternoon tennis practice and I feel amazing.,non_educational,"tennis practice, sports & fitness, lifestyle",Sports & Fitness,
Just spent my afternoon fostering animals and I feel amazing.,non_educational,"fostering animals, lifestyle, lifestyle",Lifestyle,
The best part of my day was rock climbing with my friends.,non_educational,"rock climbing, sports & fitness, lifestyle",Sports & Fitness,
Just spent my afternoon island hopping and I feel amazing.,non_educational,"island hopping, travel, lifestyle",Travel,
I've been practicing volunteering abroad lately to help clear my mind.,non_educational,"volunteering abroad, travel, lifestyle",Travel,
I found a great community for people who enjoy home-made pizza.,non_educational,"home-made pizza, food & drink, lifestyle",Food & Drink,
Does anyone have good tips for trying a new pasta recipe?,non_educational,"trying a new pasta recipe, food & drink, lifestyle",Food & Drink,
I really enjoyed scrapbooking last weekend; it was so refreshing.,non_educational,"scrapbooking, arts & crafts, lifestyle",Arts & Crafts,
I've been practicing swimming laps lately to help clear my mind.,non_educational,"swimming laps, sports & fitness, lifestyle",Sports & Fitness,
I've been practicing vegetarian cooking lately to help clear my mind.,non_educational,"vegetarian cooking, food & drink, lifestyle",Food & Drink,
The best part of my day was whale watching with my friends.,non_educational,"whale watching, nature, lifestyle",Nature,
I really enjoyed landscape photography last weekend; it was so refreshing.,non_educational,"landscape photography, arts & crafts, lifestyle",Arts & Crafts,
I found a great community for people who enjoy rock climbing.,non_educational,"rock climbing, sports & fitness, lifestyle",Sports & Fitness,
Does anyone have good tips for gardening?,non_educational,"gardening, nature, lifestyle",Nature,
I really enjoyed coffee brewing techniques last weekend; it was so refreshing.,non_educational,"coffee brewing techniques, food & drink, lifestyle",Food & Drink,
Just spent my afternoon learning a new language during travel and I feel amazing.,non_educational,"learning a new language during travel, travel, lifestyle",Travel,
Just spent my afternoon embroidery and I feel amazing.,non_educational,"embroidery, arts & crafts, lifestyle",Arts & Crafts,
I really enjoyed jewelry making last weekend; it was so refreshing.,non_educational,"jewelry making, arts & crafts, lifestyle",Arts & Crafts,
Does anyone have good tips for local football matches?,non_educational,"local football matches, sports & fitness, lifestyle",Sports & Fitness,
The best part of my day was minimalist living with my friends.,non_educational,"minimalist living, lifestyle, lifestyle",Lifestyle,
I've been practicing gardening lately to help clear my mind.,non_educational,"gardening, nature, lifestyle",Nature,
Does anyone have good tips for home organization?,non_educational,"home organization, lifestyle, lifestyle",Lifestyle,
Who else loves swimming laps as much as I do?,non_educational,"swimming laps, sports & fitness, lifestyle",Sports & Fitness,
Does anyone have good tips for river rafting?,non_educational,"river rafting, nature, lifestyle",Nature,
Just spent my afternoon calligraphy and I feel amazing.,non_educational,"calligraphy, arts & crafts, lifestyle",Arts & Crafts,
I'm planning to start a new project involving high-intensity interval training.,non_educational,"high-intensity interval training, sports & fitness, lifestyle",Sports & Fitness,
The best part of my day was staying in eco-lodges with my friends.,non_educational,"staying in eco-lodges, travel, lifestyle",Travel,
Who else loves personal finance tips as much as I do?,non_educational,"personal finance tips, lifestyle, lifestyle",Lifestyle,
Who else loves forest bathing as much as I do?,non_educational,"forest bathing, nature, lifestyle",Nature,
Does anyone have good tips for road trips across the country?,non_educational,"road trips across the country, travel, lifestyle",Travel,
I really enjoyed national parks last weekend; it was so refreshing.,non_educational,"national parks, nature, lifestyle",Nature,
I really enjoyed hiking trails last weekend; it was so refreshing.,non_educational,"hiking trails, sports & fitness, lifestyle",Sports & Fitness,
Does anyone have good tips for wine tasting?,non_educational,"wine tasting, food & drink, lifestyle",Food & Drink,
Who else loves island hopping as much as I do?,non_educational,"island hopping, travel, lifestyle",Travel,
Just spent my afternoon gourmet desserts and I feel amazing.,non_educational,"gourmet desserts, food & drink, lifestyle",Food & Drink,
Just spent my afternoon coffee brewing techniques and I feel amazing.,non_educational,"coffee brewing techniques, food & drink, lifestyle",Food & Drink,
Just spent my afternoon museum tours and I feel amazing.,non_educational,"museum tours, travel, lifestyle",Travel,
I've been practicing street food adventures lately to help clear my mind.,non_educational,"street food adventures, food & drink, lifestyle",Food & Drink,
Just spent my afternoon knitting a sweater and I feel amazing.,non_educational,"knitting a sweater, arts & crafts, lifestyle",Arts & Crafts,
I'm planning to start a new project involving rock climbing.,non_educational,"rock climbing, sports & fitness, lifestyle",Sports & Fitness,
I found a great community for people who enjoy scrapbooking.,non_educational,"scrapbooking, arts & crafts, lifestyle",Arts & Crafts,
Just spent my afternoon surfing the waves and I feel amazing.,non_educational,"surfing the waves, sports & fitness, lifestyle",Sports & Fitness,
The best part of my day was high-intensity interval training with my friends.,non_educational,"high-intensity interval training, sports & fitness, lifestyle",Sports & Fitness,
I'm planning to start a new project involving bird watching.,non_educational,"bird watching, nature, lifestyle",Nature,
I really enjoyed visiting ancient ruins last weekend; it was so refreshing.,non_educational,"visiting ancient ruins, travel, lifestyle",Travel,
I found a great community for people who enjoy museum tours.,non_educational,"museum tours, travel, lifestyle",Travel,
I've been practicing morning rituals lately to help clear my mind.,non_educational,"morning rituals, lifestyle, lifestyle",Lifestyle,
I've been practicing backpacking through europe lately to help clear my mind.,non_educational,"backpacking through europe, travel, lifestyle",Travel,
I found a great community for people who enjoy jewelry making.,non_educational,"jewelry making, arts & crafts, lifestyle",Arts & Crafts,
I really enjoyed calligraphy last weekend; it was so refreshing.,non_educational,"calligraphy, arts & crafts, lifestyle",Arts & Crafts,
Does anyone have good tips for tennis practice?,non_educational,"tennis practice, sports & fitness, lifestyle",Sports & Fitness,
I really enjoyed local football matches last weekend; it was so refreshing.,non_educational,"local football matches, sports & fitness, lifestyle",Sports & Fitness,
I really enjoyed embroidery last weekend; it was so refreshing.,non_educational,"embroidery, arts & crafts, lifestyle",Arts & Crafts,
I found a great community for people who enjoy meditation.,non_educational,"meditation, lifestyle, lifestyle",Lifestyle,
I've been practicing basketball drills lately to help clear my mind.,non_educational,"basketball drills, sports & fitness, lifestyle",Sports & Fitness,
Just spent my afternoon road trips across the country and I feel amazing.,non_educational,"road trips across the country, travel, lifestyle",Travel,
I've been practicing island hopping lately to help clear my mind.,non_educational,"island hopping, travel, lifestyle",Travel,
I've been practicing woodworking lately to help clear my mind.,non_educational,"woodworking, arts & crafts, lifestyle",Arts & Crafts,
Who else loves volunteering abroad as much as I do?,non_educational,"volunteering abroad, travel, lifestyle",Travel,
I've been practicing pilates classes lately to help clear my mind.,non_educational,"pilates classes, sports & fitness, lifestyle",Sports & Fitness,
I found a great community for people who enjoy visiting ancient ruins.,non_educational,"visiting ancient ruins, travel, lifestyle",Travel,
Does anyone have good tips for staying in eco-lodges?,non_educational,"staying in eco-lodges, travel, lifestyle",Travel,
I really enjoyed morning rituals last weekend; it was so refreshing.,non_educational,"morning rituals, lifestyle, lifestyle",Lifestyle,
I've been practicing calligraphy lately to help clear my mind.,non_educational,"calligraphy, arts & crafts, lifestyle",Arts & Crafts,
Just spent my afternoon stargazing in the desert and I feel amazing.,non_educational,"stargazing in the desert, nature, lifestyle",Nature,
The best part of my day was backpacking through europe with my friends.,non_educational,"backpacking through europe, travel, lifestyle",Travel,
Just spent my afternoon basketball drills and I feel amazing.,non_educational,"basketball drills, sports & fitness, lifestyle",Sports & Fitness,
I'm planning to start a new project involving tennis practice.,non_educational,"tennis practice, sports & fitness, lifestyle",Sports & Fitness,
I found a great community for people who enjoy morning yoga routine.,non_educational,"morning yoga routine, lifestyle, lifestyle",Lifestyle,
I've been practicing camping trips lately to help clear my mind.,non_educational,"camping trips, nature, lifestyle",Nature,
I've been practicing museum tours lately to help clear my mind.,non_educational,"museum tours, travel, lifestyle",Travel,
I really enjoyed pet care and training last weekend; it was so refreshing.,non_educational,"pet care and training, lifestyle, lifestyle",Lifestyle,
Just spent my afternoon cycling routes and I feel amazing.,non_educational,"cycling routes, sports & fitness, lifestyle",Sports & Fitness,
I'm planning to start a new project involving oil painting.,non_educational,"oil painting, arts & crafts, lifestyle",Arts & Crafts,
I really enjoyed high-intensity interval training last weekend; it was so refreshing.,non_educational,"high-intensity interval training, sports & fitness, lifestyle",Sports & Fitness,
I really enjoyed island hopping last weekend; it was so refreshing.,non_educational,"island hopping, travel, lifestyle",Travel,
I've been practicing sketching in the park lately to help clear my mind.,non_educational,"sketching in the park, arts & crafts, lifestyle",Arts & Crafts,
Does anyone have good tips for local food festivals?,non_educational,"local food festivals, food & drink, lifestyle",Food & Drink,
The best part of my day was baking sourdough bread with my friends.,non_educational,"baking sourdough bread, food & drink, lifestyle",Food & Drink,
Does anyone have good tips for luxury cruises?,non_educational,"luxury cruises, travel, lifestyle",Travel,
I'm planning to start a new project involving jewelry making.,non_educational,"jewelry making, arts & crafts, lifestyle",Arts & Crafts,
I found a great community for people who enjoy high-intensity interval training.,non_educational,"high-intensity interval training, sports & fitness, lifestyle",Sports & Fitness,
I really enjoyed local food festivals last weekend; it was so refreshing.,non_educational,"local food festivals, food & drink, lifestyle",Food & Drink,
Does anyone have good tips for visiting ancient ruins?,non_educational,"visiting ancient ruins, travel, lifestyle",Travel,
Does anyone have good tips for morning yoga routine?,non_educational,"morning yoga routine, lifestyle, lifestyle",Lifestyle,
I found a great community for people who enjoy minimalist living.,non_educational,"minimalist living, lifestyle, lifestyle",Lifestyle,
I'm planning to start a new project involving knitting a sweater.,non_educational,"knitting a sweater, arts & crafts, lifestyle",Arts & Crafts,
I'm planning to start a new project involving swimming laps.,non_educational,"swimming laps, sports & fitness, lifestyle",Sports & Fitness,
I found a great community for people who enjoy sketching in the park.,non_educational,"sketching in the park, arts & crafts, lifestyle",Arts & Crafts,
Does anyone have good tips for vegetarian cooking?,non_educational,"vegetarian cooking, food & drink, lifestyle",Food & Drink,
Who else loves national parks as much as I do?,non_educational,"national parks, nature, lifestyle",Nature,
I really enjoyed minimalist living last weekend; it was so refreshing.,non_educational,"minimalist living, lifestyle, lifestyle",Lifestyle,
Does anyone have good tips for baking sourdough bread?,non_educational,"baking sourdough bread, food & drink, lifestyle",Food & Drink,
I'm planning to start a new project involving pottery workshops.,non_educational,"pottery workshops, arts & crafts, lifestyle",Arts & Crafts,
I really enjoyed wine tasting last weekend; it was so refreshing.,non_educational,"wine tasting, food & drink, lifestyle",Food & Drink,
Does anyone have good tips for volunteering abroad?,non_educational,"volunteering abroad, travel, lifestyle",Travel,
Just spent my afternoon scrapbooking and I feel amazing.,non_educational,"scrapbooking, arts & crafts, lifestyle",Arts & Crafts,
I really enjoyed diy home decor last weekend; it was so refreshing.,non_educational,"diy home decor, arts & crafts, lifestyle",Arts & Crafts,
I'm planning to start a new project involving home organization.,non_educational,"home organization, lifestyle, lifestyle",Lifestyle,
I found a great community for people who enjoy oil painting.,non_educational,"oil painting, arts & crafts, lifestyle",Arts & Crafts,
I'm planning to start a new project involving scrapbooking.,non_educational,"scrapbooking, arts & crafts, lifestyle",Arts & Crafts,
I've been practicing baking sourdough bread lately to help clear my mind.,non_educational,"baking sourdough bread, food & drink, lifestyle",Food & Drink,
Does anyone have good tips for scrapbooking?,non_educational,"scrapbooking, arts & crafts, lifestyle",Arts & Crafts,
Does anyone have good tips for smoothie bowls?,non_educational,"smoothie bowls, food & drink, lifestyle",Food & Drink,
I found a great community for people who enjoy embroidery.,non_educational,"embroidery, arts & crafts, lifestyle",Arts & Crafts,
I'm planning to start a new project involving exploring caves.,non_educational,"exploring caves, nature, lifestyle",Nature,
Just spent my afternoon staying in eco-lodges and I feel amazing.,non_educational,"staying in eco-lodges, travel, lifestyle",Travel,
The best part of my day was exploring caves with my friends.,non_educational,"exploring caves, nature, lifestyle",Nature,
I really enjoyed traditional tea ceremonies last weekend; it was so refreshing.,non_educational,"traditional tea ceremonies, food & drink, lifestyle",Food & Drink,
I've been practicing trying a new pasta recipe lately to help clear my mind.,non_educational,"trying a new pasta recipe, food & drink, lifestyle",Food & Drink,
I've been practicing interior design ideas lately to help clear my mind.,non_educational,"interior design ideas, lifestyle, lifestyle",Lifestyle,
I found a great community for people who enjoy bird watching.,non_educational,"bird watching, nature, lifestyle",Nature,
Just spent my afternoon home-made pizza and I feel amazing.,non_educational,"home-made pizza, food & drink, lifestyle",Food & Drink,
Who else loves minimalist living as much as I do?,non_educational,"minimalist living, lifestyle, lifestyle",Lifestyle,
Just spent my afternoon local food festivals and I feel amazing.,non_educational,"local food festivals, food & drink, lifestyle",Food & Drink,
I found a great community for people who enjoy forest bathing.,non_educational,"forest bathing, nature, lifestyle",Nature,
I've been practicing national parks lately to help clear my mind.,non_educational,"national parks, nature, lifestyle",Nature,
Who else loves fostering animals as much as I do?,non_educational,"fostering animals, lifestyle, lifestyle",Lifestyle,
I'm planning to start a new project involving gardening.,non_educational,"gardening, nature, lifestyle",Nature,
Who else loves pet care and training as much as I do?,non_educational,"pet care and training, lifestyle, lifestyle",Lifestyle,
Just spent my afternoon camping trips and I feel amazing.,non_educational,"camping trips, nature, lifestyle",Nature,
Just spent my afternoon hiking trails and I feel amazing.,non_educational,"hiking trails, sports & fitness, lifestyle",Sports & Fitness,
I found a great community for people who enjoy cleaning hacks.,non_educational,"cleaning hacks, lifestyle, lifestyle",Lifestyle,
I really enjoyed hiking in the mountains last weekend; it was so refreshing.,non_educational,"hiking in the mountains, nature, lifestyle",Nature,
I'm planning to start a new project involving visiting ancient ruins.,non_educational,"visiting ancient ruins, travel, lifestyle",Travel,
I'm planning to start a new project involving museum tours.,non_educational,"museum tours, travel, lifestyle",Travel,
The best part of my day was basketball drills with my friends.,non_educational,"basketball drills, sports & fitness, lifestyle",Sports & Fitness,
I really enjoyed home-made pizza last weekend; it was so refreshing.,non_educational,"home-made pizza, food & drink, lifestyle",Food & Drink,
Does anyone have good tips for morning rituals?,non_educational,"morning rituals, lifestyle, lifestyle",Lifestyle,
I found a great community for people who enjoy road trips across the country.,non_educational,"road trips across the country, travel, lifestyle",Travel,
I really enjoyed basketball drills last weekend; it was so refreshing.,non_educational,"basketball drills, sports & fitness, lifestyle",Sports & Fitness,
The best part of my day was local football matches with my friends.,non_educational,"local football matches, sports & fitness, lifestyle",Sports & Fitness,
Does anyone have good tips for stargazing in the desert?,non_educational,"stargazing in the desert, nature, lifestyle",Nature,
Just spent my afternoon pilates classes and I feel amazing.,non_educational,"pilates classes, sports & fitness, lifestyle",Sports & Fitness,
I'm planning to start a new project involving smoothie bowls.,non_educational,"smoothie bowls, food & drink, lifestyle",Food & Drink,
The best part of my day was visiting ancient ruins with my friends.,non_educational,"visiting ancient ruins, travel, lifestyle",Travel,
I'm planning to start a new project involving baking sourdough bread.,non_educational,"baking sourdough bread, food & drink, lifestyle",Food & Drink,
The best part of my day was pet care and training with my friends.,non_educational,"pet care and training, lifestyle, lifestyle",Lifestyle,
The best part of my day was sketching in the park with my friends.,non_educational,"sketching in the park, arts & crafts, lifestyle",Arts & Crafts,
The best part of my day was pottery workshops with my friends.,non_educational,"pottery workshops, arts & crafts, lifestyle",Arts & Crafts,
I'm planning to start a new project involving street food adventures.,non_educational,"street food adventures, food & drink, lifestyle",Food & Drink,
Just spent my afternoon hiking in the mountains and I feel amazing.,non_educational,"hiking in the mountains, nature, lifestyle",Nature,
I'm planning to start a new project involving surfing the waves.,non_educational,"surfing the waves, sports & fitness, lifestyle",Sports & Fitness,
The best part of my day was beach sunsets with my friends.,non_educational,"beach sunsets, nature, lifestyle",Nature,
Just spent my afternoon beach sunsets and I feel amazing.,non_educational,"beach sunsets, nature, lifestyle",Nature,
The best part of my day was knitting a sweater with my friends.,non_educational,"knitting a sweater, arts & crafts, lifestyle",Arts & Crafts,
Who else loves street food adventures as much as I do?,non_educational,"street food adventures, food & drink, lifestyle",Food & Drink,
I really enjoyed bird watching last weekend; it was so refreshing.,non_educational,"bird watching, nature, lifestyle",Nature,
Does anyone have good tips for gourmet desserts?,non_educational,"gourmet desserts, food & drink, lifestyle",Food & Drink,
Does anyone have good tips for swimming laps?,non_educational,"swimming laps, sports & fitness, lifestyle",Sports & Fitness,
Who else loves stargazing in the desert as much as I do?,non_educational,"stargazing in the desert, nature, lifestyle",Nature,
The best part of my day was stargazing in the desert with my friends.,non_educational,"stargazing in the desert, nature, lifestyle",Nature,
Does anyone have good tips for personal finance tips?,non_educational,"personal finance tips, lifestyle, lifestyle",Lifestyle,
Does anyone have good tips for high-intensity interval training?,non_educational,"high-intensity interval training, sports & fitness, lifestyle",Sports & Fitness,
I really enjoyed sketching in the park last weekend; it was so refreshing.,non_educational,"sketching in the park, arts & crafts, lifestyle",Arts & Crafts,
I really enjoyed oil painting last weekend; it was so refreshing.,non_educational,"oil painting, arts & crafts, lifestyle",Arts & Crafts,
Who else loves morning rituals as much as I do?,non_educational,"morning rituals, lifestyle, lifestyle",Lifestyle,
I've been practicing surfing the waves lately to help clear my mind.,non_educational,"surfing the waves, sports & fitness, lifestyle",Sports & Fitness,
I've been practicing gourmet desserts lately to help clear my mind.,non_educational,"gourmet desserts, food & drink, lifestyle",Food & Drink,
The best part of my day was morning yoga routine with my friends.,non_educational,"morning yoga routine, lifestyle, lifestyle",Lifestyle,
Who else loves knitting a sweater as much as I do?,non_educational,"knitting a sweater, arts & crafts, lifestyle",Arts & Crafts,
Does anyone have good tips for calligraphy?,non_educational,"calligraphy, arts & crafts, lifestyle",Arts & Crafts,
I found a great community for people who enjoy diy home decor.,non_educational,"diy home decor, arts & crafts, lifestyle",Arts & Crafts,
The best part of my day was landscape photography with my friends.,non_educational,"landscape photography, arts & crafts, lifestyle",Arts & Crafts,
The best part of my day was diy home decor with my friends.,non_educational,"diy home decor, arts & crafts, lifestyle",Arts & Crafts,
I found a great community for people who enjoy whale watching.,non_educational,"whale watching, nature, lifestyle",Nature,
Does anyone have good tips for oil painting?,non_educational,"oil painting, arts & crafts, lifestyle",Arts & Crafts,
Who else loves road trips across the country as much as I do?,non_educational,"road trips across the country, travel, lifestyle",Travel,
Who else loves beach sunsets as much as I do?,non_educational,"beach sunsets, nature, lifestyle",Nature,
I really enjoyed morning yoga routine last weekend; it was so refreshing.,non_educational,"morning yoga routine, lifestyle, lifestyle",Lifestyle,
I found a great community for people who enjoy local football matches.,non_educational,"local football matches, sports & fitness, lifestyle",Sports & Fitness,
I'm planning to start a new project involving diy home decor.,non_educational,"diy home decor, arts & crafts, lifestyle",Arts & Crafts,
Just spent my afternoon cleaning hacks and I feel amazing.,non_educational,"cleaning hacks, lifestyle, lifestyle",Lifestyle,
Who else loves museum tours as much as I do?,non_educational,"museum tours, travel, lifestyle",Travel,
Does anyone have good tips for forest bathing?,non_educational,"forest bathing, nature, lifestyle",Nature,
I really enjoyed swimming laps last weekend; it was so refreshing.,non_educational,"swimming laps, sports & fitness, lifestyle",Sports & Fitness,
Who else loves productivity journals as much as I do?,non_educational,"productivity journals, lifestyle, lifestyle",Lifestyle,
Does anyone have good tips for knitting a sweater?,non_educational,"knitting a sweater, arts & crafts, lifestyle",Arts & Crafts,
Just spent my afternoon morning rituals and I feel amazing.,non_educational,"morning rituals, lifestyle, lifestyle",Lifestyle,
I really enjoyed volunteering abroad last weekend; it was so refreshing.,non_educational,"volunteering abroad, travel, lifestyle",Travel,
I'm planning to start a new project involving cycling routes.,non_educational,"cycling routes, sports & fitness, lifestyle",Sports & Fitness,
Who else loves whale watching as much as I do?,non_educational,"whale watching, nature, lifestyle",Nature,
I'm planning to start a new project involving embroidery.,non_educational,"embroidery, arts & crafts, lifestyle",Arts & Crafts,
Just spent my afternoon minimalist living and I feel amazing.,non_educational,"minimalist living, lifestyle, lifestyle",Lifestyle,
I'm planning to start a new project involving meditation.,non_educational,"meditation, lifestyle, lifestyle",Lifestyle,
Does anyone have good tips for basketball drills?,non_educational,"basketball drills, sports & fitness, lifestyle",Sports & Fitness,
The best part of my day was swimming laps with my friends.,non_educational,"swimming laps, sports & fitness, lifestyle",Sports & Fitness,
I've been practicing productivity journals lately to help clear my mind.,non_educational,"productivity journals, lifestyle, lifestyle",Lifestyle,
The best part of my day was forest bathing with my friends.,non_educational,"forest bathing, nature, lifestyle",Nature,
I've been practicing smoothie bowls lately to help clear my mind.,non_educational,"smoothie bowls, food & drink, lifestyle",Food & Drink,
Who else loves diy home decor as much as I do?,non_educational,"diy home decor, arts & crafts, lifestyle",Arts & Crafts,
Just spent my afternoon traditional tea ceremonies and I feel amazing.,non_educational,"traditional tea ceremonies, food & drink, lifestyle",Food & Drink,
Who else loves bird watching as much as I do?,non_educational,"bird watching, nature, lifestyle",Nature,
The best part of my day was cleaning hacks with my friends.,non_educational,"cleaning hacks, lifestyle, lifestyle",Lifestyle,
Who else loves embroidery as much as I do?,non_educational,"embroidery, arts & crafts, lifestyle",Arts & Crafts,
The best part of my day was bird watching with my friends.,non_educational,"bird watching, nature, lifestyle",Nature,
Does anyone have good tips for island hopping?,non_educational,"island hopping, travel, lifestyle",Travel,
Just spent my afternoon pet care and training and I feel amazing.,non_educational,"pet care and training, lifestyle, lifestyle",Lifestyle,
I've been practicing oil painting lately to help clear my mind.,non_educational,"oil painting, arts & crafts, lifestyle",Arts & Crafts,
Does anyone have good tips for home-made pizza?,non_educational,"home-made pizza, food & drink, lifestyle",Food & Drink,
I'm planning to start a new project involving volunteering abroad.,non_educational,"volunteering abroad, travel, lifestyle",Travel,
I really enjoyed cleaning hacks last weekend; it was so refreshing.,non_educational,"cleaning hacks, lifestyle, lifestyle",Lifestyle,
Just spent my afternoon oil painting and I feel amazing.,non_educational,"oil painting, arts & crafts, lifestyle",Arts & Crafts,
I found a great community for people who enjoy river rafting.,non_educational,"river rafting, nature, lifestyle",Nature,
I really enjoyed cycling routes last weekend; it was so refreshing.,non_educational,"cycling routes, sports & fitness, lifestyle",Sports & Fitness,
I've been practicing luxury cruises lately to help clear my mind.,non_educational,"luxury cruises, travel, lifestyle",Travel,
I've been practicing wine tasting lately to help clear my mind.,non_educational,"wine tasting, food & drink, lifestyle",Food & Drink,
The best part of my day was morning rituals with my friends.,non_educational,"morning rituals, lifestyle, lifestyle",Lifestyle,
Does anyone have good tips for pottery workshops?,non_educational,"pottery workshops, arts & crafts, lifestyle",Arts & Crafts,
Who else loves surfing the waves as much as I do?,non_educational,"surfing the waves, sports & fitness, lifestyle",Sports & Fitness,
I've been practicing home organization lately to help clear my mind.,non_educational,"home organization, lifestyle, lifestyle",Lifestyle,
I really enjoyed tennis practice last weekend; it was so refreshing.,non_educational,"tennis practice, sports & fitness, lifestyle",Sports & Fitness,
Who else loves pottery workshops as much as I do?,non_educational,"pottery workshops, arts & crafts, lifestyle",Arts & Crafts,
Does anyone have good tips for museum tours?,non_educational,"museum tours, travel, lifestyle",Travel,
Does anyone have good tips for rock climbing?,non_educational,"rock climbing, sports & fitness, lifestyle",Sports & Fitness,
I really enjoyed surfing the waves last weekend; it was so refreshing.,non_educational,"surfing the waves, sports & fitness, lifestyle",Sports & Fitness,
Who else loves home-made pizza as much as I do?,non_educational,"home-made pizza, food & drink, lifestyle",Food & Drink,
Does anyone have good tips for pet care and training?,non_educational,"pet care and training, lifestyle, lifestyle",Lifestyle,
I'm planning to start a new project involving cleaning hacks.,non_educational,"cleaning hacks, lifestyle, lifestyle",Lifestyle,
I've been practicing whale watching lately to help clear my mind.,non_educational,"whale watching, nature, lifestyle",Nature,
I really enjoyed forest bathing last weekend; it was so refreshing.,non_educational,"forest bathing, nature, lifestyle",Nature,
Does anyone have good tips for marathon training?,non_educational,"marathon training, sports & fitness, lifestyle",Sports & Fitness,
Just spent my afternoon jewelry making and I feel amazing.,non_educational,"jewelry making, arts & crafts, lifestyle",Arts & Crafts,
Just spent my afternoon gardening and I feel amazing.,non_educational,"gardening, nature, lifestyle",Nature,
I found a great community for people who enjoy hiking trails.,non_educational,"hiking trails, sports & fitness, lifestyle",Sports & Fitness,
I've been practicing cultural exchanges lately to help clear my mind.,non_educational,"cultural exchanges, travel, lifestyle",Travel,
Does anyone have good tips for fostering animals?,non_educational,"fostering animals, lifestyle, lifestyle",Lifestyle,
I've been practicing morning yoga routine lately to help clear my mind.,non_educational,"morning yoga routine, lifestyle, lifestyle",Lifestyle,
I found a great community for people who enjoy wine tasting.,non_educational,"wine tasting, food & drink, lifestyle",Food & Drink,
Just spent my afternoon visiting ancient ruins and I feel amazing.,non_educational,"visiting ancient ruins, travel, lifestyle",Travel,
I really enjoyed exploring caves last weekend; it was so refreshing.,non_educational,"exploring caves, nature, lifestyle",Nature,
Who else loves wine tasting as much as I do?,non_educational,"wine tasting, food & drink, lifestyle",Food & Drink,
Just spent my afternoon high-intensity interval training and I feel amazing.,non_educational,"high-intensity interval training, sports & fitness, lifestyle",Sports & Fitness,
I found a great community for people who enjoy exploring caves.,non_educational,"exploring caves, nature, lifestyle",Nature,
Just spent my afternoon luxury cruises and I feel amazing.,non_educational,"luxury cruises, travel, lifestyle",Travel,
I've been practicing road trips across the country lately to help clear my mind.,non_educational,"road trips across the country, travel, lifestyle",Travel,
Does anyone have good tips for cultural exchanges?,non_educational,"cultural exchanges, travel, lifestyle",Travel,
Does anyone have good tips for coffee brewing techniques?,non_educational,"coffee brewing techniques, food & drink, lifestyle",Food & Drink,
Does anyone have good tips for jewelry making?,non_educational,"jewelry making, arts & crafts, lifestyle",Arts & Crafts,
Who else loves smoothie bowls as much as I do?,non_educational,"smoothie bowls, food & drink, lifestyle",Food & Drink,
I found a great community for people who enjoy island hopping.,non_educational,"island hopping, travel, lifestyle",Travel,
I'm planning to start a new project involving traditional tea ceremonies.,non_educational,"traditional tea ceremonies, food & drink, lifestyle",Food & Drink,
Who else loves pilates classes as much as I do?,non_educational,"pilates classes, sports & fitness, lifestyle",Sports & Fitness,
The best part of my day was tennis practice with my friends.,non_educational,"tennis practice, sports & fitness, lifestyle",Sports & Fitness,
I really enjoyed gardening last weekend; it was so refreshing.,non_educational,"gardening, nature, lifestyle",Nature,
Just spent my afternoon national parks and I feel amazing.,non_educational,"national parks, nature, lifestyle",Nature,
I found a great community for people who enjoy swimming laps.,non_educational,"swimming laps, sports & fitness, lifestyle",Sports & Fitness,
The best part of my day was marathon training with my friends.,non_educational,"marathon training, sports & fitness, lifestyle",Sports & Fitness,
Does anyone have good tips for pilates classes?,non_educational,"pilates classes, sports & fitness, lifestyle",Sports & Fitness,
Who else loves baking sourdough bread as much as I do?,non_educational,"baking sourdough bread, food & drink, lifestyle",Food & Drink,
Does anyone have good tips for learning a new language during travel?,non_educational,"learning a new language during travel, travel, lifestyle",Travel,
The best part of my day was surfing the waves with my friends.,non_educational,"surfing the waves, sports & fitness, lifestyle",Sports & Fitness,
Who else loves gourmet desserts as much as I do?,non_educational,"gourmet desserts, food & drink, lifestyle",Food & Drink,
Who else loves river rafting as much as I do?,non_educational,"river rafting, nature, lifestyle",Nature,
I've been practicing traditional tea ceremonies lately to help clear my mind.,non_educational,"traditional tea ceremonies, food & drink, lifestyle",Food & Drink,
Who else loves local food festivals as much as I do?,non_educational,"local food festivals, food & drink, lifestyle",Food & Drink,
I found a great community for people who enjoy marathon training.,non_educational,"marathon training, sports & fitness, lifestyle",Sports & Fitness,
I found a great community for people who enjoy baking sourdough bread.,non_educational,"baking sourdough bread, food & drink, lifestyle",Food & Drink,
I really enjoyed marathon training last weekend; it was so refreshing.,non_educational,"marathon training, sports & fitness, lifestyle",Sports & Fitness,
The best part of my day was calligraphy with my friends.,non_educational,"calligraphy, arts & crafts, lifestyle",Arts & Crafts,
I'm planning to start a new project involving local food festivals.,non_educational,"local food festivals, food & drink, lifestyle",Food & Drink,
Who else loves calligraphy as much as I do?,non_educational,"calligraphy, arts & crafts, lifestyle",Arts & Crafts,
I've been practicing landscape photography lately to help clear my mind.,non_educational,"landscape photography, arts & crafts, lifestyle",Arts & Crafts,
I'm planning to start a new project involving wine tasting.,non_educational,"wine tasting, food & drink, lifestyle",Food & Drink,
Who else loves woodworking as much as I do?,non_educational,"woodworking, arts & crafts, lifestyle",Arts & Crafts,
The best part of my day was meditation with my friends.,non_educational,"meditation, lifestyle, lifestyle",Lifestyle,
Just spent my afternoon local football matches and I feel amazing.,non_educational,"local football matches, sports & fitness, lifestyle",Sports & Fitness,
Just spent my afternoon street food adventures and I feel amazing.,non_educational,"street food adventures, food & drink, lifestyle",Food & Drink,
I really enjoyed camping trips last weekend; it was so refreshing.,non_educational,"camping trips, nature, lifestyle",Nature,
I found a great community for people who enjoy landscape photography.,non_educational,"landscape photography, arts & crafts, lifestyle",Arts & Crafts,
Who else loves morning yoga routine as much as I do?,non_educational,"morning yoga routine, lifestyle, lifestyle",Lifestyle,
I've been practicing learning a new language during travel lately to help clear my mind.,non_educational,"learning a new language during travel, travel, lifestyle",Travel,
Does anyone have good tips for embroidery?,non_educational,"embroidery, arts & crafts, lifestyle",Arts & Crafts,
The best part of my day was river rafting with my friends.,non_educational,"river rafting, nature, lifestyle",Nature,
Who else loves gardening as much as I do?,non_educational,"gardening, nature, lifestyle",Nature,
Just spent my afternoon meditation and I feel amazing.,non_educational,"meditation, lifestyle, lifestyle",Lifestyle,
I found a great community for people who enjoy learning a new language during travel.,non_educational,"learning a new language during travel, travel, lifestyle",Travel,
I really enjoyed trying a new pasta recipe last weekend; it was so refreshing.,non_educational,"trying a new pasta recipe, food & drink, lifestyle",Food & Drink,
I'm planning to start a new project involving beach sunsets.,non_educational,"beach sunsets, nature, lifestyle",Nature,
I've been practicing cleaning hacks lately to help clear my mind.,non_educational,"cleaning hacks, lifestyle, lifestyle",Lifestyle,
I really enjoyed smoothie bowls last weekend; it was so refreshing.,non_educational,"smoothie bowls, food & drink, lifestyle",Food & Drink,
I'm planning to start a new project involving stargazing in the desert.,non_educational,"stargazing in the desert, nature, lifestyle",Nature,
Does anyone have good tips for street food adventures?,non_educational,"street food adventures, food & drink, lifestyle",Food & Drink,
The best part of my day was interior design ideas with my friends.,non_educational,"interior design ideas, lifestyle, lifestyle",Lifestyle,
The best part of my day was gardening with my friends.,non_educational,"gardening, nature, lifestyle",Nature,
I really enjoyed rock climbing last weekend; it was so refreshing.,non_educational,"rock climbing, sports & fitness, lifestyle",Sports & Fitness,
Does anyone have good tips for national parks?,non_educational,"national parks, nature, lifestyle",Nature,
The best part of my day was cultural exchanges with my friends.,non_educational,"cultural exchanges, travel, lifestyle",Travel,
I found a great community for people who enjoy trying a new pasta recipe.,non_educational,"trying a new pasta recipe, food & drink, lifestyle",Food & Drink,
I found a great community for people who enjoy pilates classes.,non_educational,"pilates classes, sports & fitness, lifestyle",Sports & Fitness,
I found a great community for people who enjoy street food adventures.,non_educational,"street food adventures, food & drink, lifestyle",Food & Drink,
Just spent my afternoon smoothie bowls and I feel amazing.,non_educational,"smoothie bowls, food & drink, lifestyle",Food & Drink,
I found a great community for people who enjoy cycling routes.,non_educational,"cycling routes, sports & fitness, lifestyle",Sports & Fitness,
I've been practicing hiking trails lately to help clear my mind.,non_educational,"hiking trails, sports & fitness, lifestyle",Sports & Fitness,
I've been practicing stargazing in the desert lately to help clear my mind.,non_educational,"stargazing in the desert, nature, lifestyle",Nature,
Just spent my afternoon cultural exchanges and I feel amazing.,non_educational,"cultural exchanges, travel, lifestyle",Travel,
The best part of my day was vegetarian cooking with my friends.,non_educational,"vegetarian cooking, food & drink, lifestyle",Food & Drink,
I'm planning to start a new project involving local football matches.,non_educational,"local football matches, sports & fitness, lifestyle",Sports & Fitness,
I found a great community for people who enjoy camping trips.,non_educational,"camping trips, nature, lifestyle",Nature,
I found a great community for people who enjoy morning rituals.,non_educational,"morning rituals, lifestyle, lifestyle",Lifestyle,
The best part of my day was island hopping with my friends.,non_educational,"island hopping, travel, lifestyle",Travel,
Who else loves oil painting as much as I do?,non_educational,"oil painting, arts & crafts, lifestyle",Arts & Crafts,
The best part of my day was learning a new language during travel with my friends.,non_educational,"learning a new language during travel, travel, lifestyle",Travel,
I've been practicing local football matches lately to help clear my mind.,non_educational,"local football matches, sports & fitness, lifestyle",Sports & Fitness,
The best part of my day was local food festivals with my friends.,non_educational,"local food festivals, food & drink, lifestyle",Food & Drink,
The best part of my day was volunteering abroad with my friends.,non_educational,"volunteering abroad, travel, lifestyle",Travel,
Who else loves hiking in the mountains as much as I do?,non_educational,"hiking in the mountains, nature, lifestyle",Nature,
Who else loves camping trips as much as I do?,non_educational,"camping trips, nature, lifestyle",Nature,
Just spent my afternoon volunteering abroad and I feel amazing.,non_educational,"volunteering abroad, travel, lifestyle",Travel,
I'm planning to start a new project involving pet care and training.,non_educational,"pet care and training, lifestyle, lifestyle",Lifestyle,
Just spent my afternoon exploring caves and I feel amazing.,non_educational,"exploring caves, nature, lifestyle",Nature,
The best part of my day was hiking in the mountains with my friends.,non_educational,"hiking in the mountains, nature, lifestyle",Nature,
I found a great community for people who enjoy cultural exchanges.,non_educational,"cultural exchanges, travel, lifestyle",Travel,
Just spent my afternoon productivity journals and I feel amazing.,non_educational,"productivity journals, lifestyle, lifestyle",Lifestyle,
Who else loves trying a new pasta recipe as much as I do?,non_educational,"trying a new pasta recipe, food & drink, lifestyle",Food & Drink,
I'm planning to start a new project involving river rafting.,non_educational,"river rafting, nature, lifestyle",Nature,
I've been practicing personal finance tips lately to help clear my mind.,non_educational,"personal finance tips, lifestyle, lifestyle",Lifestyle,
I've been practicing staying in eco-lodges lately to help clear my mind.,non_educational,"staying in eco-lodges, travel, lifestyle",Travel,
Who else loves marathon training as much as I do?,non_educational,"marathon training, sports & fitness, lifestyle",Sports & Fitness,
I'm planning to start a new project involving island hopping.,non_educational,"island hopping, travel, lifestyle",Travel,
I found a great community for people who enjoy fostering animals.,non_educational,"fostering animals, lifestyle, lifestyle",Lifestyle,
I really enjoyed meditation last weekend; it was so refreshing.,non_educational,"meditation, lifestyle, lifestyle",Lifestyle,
I'm planning to start a new project involving morning rituals.,non_educational,"morning rituals, lifestyle, lifestyle",Lifestyle,
I'm planning to start a new project involving marathon training.,non_educational,"marathon training, sports & fitness, lifestyle",Sports & Fitness,
Just spent my afternoon diy home decor and I feel amazing.,non_educational,"diy home decor, arts & crafts, lifestyle",Arts & Crafts,
I've been practicing coffee brewing techniques lately to help clear my mind.,non_educational,"coffee brewing techniques, food & drink, lifestyle",Food & Drink,
I'm planning to start a new project involving personal finance tips.,non_educational,"personal finance tips, lifestyle, lifestyle",Lifestyle,
Does anyone have good tips for diy home decor?,non_educational,"diy home decor, arts & crafts, lifestyle",Arts & Crafts,
I'm planning to start a new project involving hiking trails.,non_educational,"hiking trails, sports & fitness, lifestyle",Sports & Fitness,
The best part of my day was oil painting with my friends.,non_educational,"oil painting, arts & crafts, lifestyle",Arts & Crafts,
Who else loves staying in eco-lodges as much as I do?,non_educational,"staying in eco-lodges, travel, lifestyle",Travel,
The best part of my day was street food adventures with my friends.,non_educational,"street food adventures, food & drink, lifestyle",Food & Drink,
I found a great community for people who enjoy national parks.,non_educational,"national parks, nature, lifestyle",Nature,
I'm planning to start a new project involving staying in eco-lodges.,non_educational,"staying in eco-lodges, travel, lifestyle",Travel,
The best part of my day was wine tasting with my friends.,non_educational,"wine tasting, food & drink, lifestyle",Food & Drink,
Who else loves backpacking through europe as much as I do?,non_educational,"backpacking through europe, travel, lifestyle",Travel,
I really enjoyed backpacking through europe last weekend; it was so refreshing.,non_educational,"backpacking through europe, travel, lifestyle",Travel,
Does anyone have good tips for woodworking?,non_educational,"woodworking, arts & crafts, lifestyle",Arts & Crafts,
Does anyone have good tips for landscape photography?,non_educational,"landscape photography, arts & crafts, lifestyle",Arts & Crafts,
The best part of my day was trying a new pasta recipe with my friends.,non_educational,"trying a new pasta recipe, food & drink, lifestyle",Food & Drink,
I've been practicing forest bathing lately to help clear my mind.,non_educational,"forest bathing, nature, lifestyle",Nature,
Just spent my afternoon baking sourdough bread and I feel amazing.,non_educational,"baking sourdough bread, food & drink, lifestyle",Food & Drink,
I really enjoyed museum tours last weekend; it was so refreshing.,non_educational,"museum tours, travel, lifestyle",Travel,
I really enjoyed learning a new language during travel last weekend; it was so refreshing.,non_educational,"learning a new language during travel, travel, lifestyle",Travel,
I'm planning to start a new project involving basketball drills.,non_educational,"basketball drills, sports & fitness, lifestyle",Sports & Fitness,
I really enjoyed whale watching last weekend; it was so refreshing.,non_educational,"whale watching, nature, lifestyle",Nature,
I'm planning to start a new project involving road trips across the country.,non_educational,"road trips across the country, travel, lifestyle",Travel,
Does anyone have good tips for meditation?,non_educational,"meditation, lifestyle, lifestyle",Lifestyle,
Just spent my afternoon river rafting and I feel amazing.,non_educational,"river rafting, nature, lifestyle",Nature,
I'm planning to start a new project involving luxury cruises.,non_educational,"luxury cruises, travel, lifestyle",Travel,
Who else loves coffee brewing techniques as much as I do?,non_educational,"coffee brewing techniques, food & drink, lifestyle",Food & Drink,
Does anyone have good tips for camping trips?,non_educational,"camping trips, nature, lifestyle",Nature,
The best part of my day was scrapbooking with my friends.,non_educational,"scrapbooking, arts & crafts, lifestyle",Arts & Crafts,
Who else loves rock climbing as much as I do?,non_educational,"rock climbing, sports & fitness, lifestyle",Sports & Fitness,
Who else loves basketball drills as much as I do?,non_educational,"basketball drills, sports & fitness, lifestyle",Sports & Fitness,
I really enjoyed fostering animals last weekend; it was so refreshing.,non_educational,"fostering animals, lifestyle, lifestyle",Lifestyle,
Does anyone have good tips for beach sunsets?,non_educational,"beach sunsets, nature, lifestyle",Nature,
Who else loves landscape photography as much as I do?,non_educational,"landscape photography, arts & crafts, lifestyle",Arts & Crafts,
The best part of my day was gourmet desserts with my friends.,non_educational,"gourmet desserts, food & drink, lifestyle",Food & Drink,
I've been practicing scrapbooking lately to help clear my mind.,non_educational,"scrapbooking, arts & crafts, lifestyle",Arts & Crafts,
Just spent my afternoon rock climbing and I feel amazing.,non_educational,"rock climbing, sports & fitness, lifestyle",Sports & Fitness,
I'm planning to start a new project involving cultural exchanges.,non_educational,"cultural exchanges, travel, lifestyle",Travel,
Recent advancements in Artificial Intelligence have been driven by Genetic algorithms innovations.,educational,"genetic algorithms, artificial intelligence, tech",Artificial Intelligence,
The role of iOS Swift programming within Mobile Development cannot be overstated for future engineers.,educational,"ios swift programming, mobile development, tech",Mobile Development,
Exploring the complexities of XSS protection reveals much about how Cybersecurity operates.,educational,"xss protection, cybersecurity, tech",Cybersecurity,
A thorough understanding of Websockets is vital for success in Networking.,educational,"websockets, networking, tech",Networking,
Recent advancements in Artificial Intelligence have been driven by Gradient descent innovations.,educational,"gradient descent, artificial intelligence, tech",Artificial Intelligence,
Can you explain the mechanism behind Location services in the context of Mobile Development?,educational,"location services, mobile development, tech",Mobile Development,
A thorough understanding of Buffer overflow is vital for success in Cybersecurity.,educational,"buffer overflow, cybersecurity, tech",Cybersecurity,
The role of DOM manipulation within Web Development cannot be overstated for future engineers.,educational,"dom manipulation, web development, tech",Web Development,
Can you explain the mechanism behind Kotlin coroutines in the context of Mobile Development?,educational,"kotlin coroutines, mobile development, tech",Mobile Development,
Exploring the complexities of Edge computing reveals much about how Cloud Computing operates.,educational,"edge computing, cloud computing, tech",Cloud Computing,
Exploring the complexities of Network topology reveals much about how Networking operates.,educational,"network topology, networking, tech",Networking,
Exploring the complexities of WebAssembly reveals much about how Web Development operates.,educational,"webassembly, web development, tech",Web Development,
Can you explain the mechanism behind Dependency injection in the context of Software Engineering?,educational,"dependency injection, software engineering, tech",Software Engineering,
Mastering Mobile UI/UX design requires patience and a strong background in Mobile Development.,educational,"mobile ui/ux design, mobile development, tech",Mobile Development,
The role of Infrastructure as Code within Cloud Computing cannot be overstated for future engineers.,educational,"infrastructure as code, cloud computing, tech",Cloud Computing,
Can you explain the mechanism behind WebAssembly in the context of Web Development?,educational,"webassembly, web development, tech",Web Development,
The role of Dependency injection within Software Engineering cannot be overstated for future engineers.,educational,"dependency injection, software engineering, tech",Software Engineering,
Exploring the complexities of Scrum framework reveals much about how Software Engineering operates.,educational,"scrum framework, software engineering, tech",Software Engineering,
Exploring the complexities of Progressive Web Apps (PWA) reveals much about how Web Development operates.,educational,"progressive web apps (pwa), web development, tech",Web Development,
Integrating Progressive Web Apps (PWA) into Web Development workflows enhances overall system reliability.,educational,"progressive web apps (pwa), web development, tech",Web Development,
Why is Backpropagation considered a pillar of modern Artificial Intelligence?,educational,"backpropagation, artificial intelligence, tech",Artificial Intelligence,
Can you explain the mechanism behind Docker containers in the context of Cloud Computing?,educational,"docker containers, cloud computing, tech",Cloud Computing,
A thorough understanding of Big data analytics is vital for success in Data Science.,educational,"big data analytics, data science, tech",Data Science,
Exploring the complexities of Design patterns reveals much about how Software Engineering operates.,educational,"design patterns, software engineering, tech",Software Engineering,
Recent advancements in Cloud Computing have been driven by AWS Lambda innovations.,educational,"aws lambda, cloud computing, tech",Cloud Computing,
Integrating Scrum framework into Software Engineering workflows enhances overall system reliability.,educational,"scrum framework, software engineering, tech",Software Engineering,
Recent advancements in Cybersecurity have been driven by Penetration testing innovations.,educational,"penetration testing, cybersecurity, tech",Cybersecurity,
A thorough understanding of OSI model layers is vital for success in Networking.,educational,"osi model layers, networking, tech",Networking,
Recent advancements in Artificial Intelligence have been driven by Computer vision innovations.,educational,"computer vision, artificial intelligence, tech",Artificial Intelligence,
The role of Microservices architecture within Software Engineering cannot be overstated for future engineers.,educational,"microservices architecture, software engineering, tech",Software Engineering,
Can you explain the mechanism behind XSS protection in the context of Cybersecurity?,educational,"xss protection, cybersecurity, tech",Cybersecurity,
Mastering Support vector machines requires patience and a strong background in Artificial Intelligence.,educational,"support vector machines, artificial intelligence, tech",Artificial Intelligence,
A thorough understanding of Natural language processing is vital for success in Artificial Intelligence.,educational,"natural language processing, artificial intelligence, tech",Artificial Intelligence,
A thorough understanding of Mobile backend integration is vital for success in Mobile Development.,educational,"mobile backend integration, mobile development, tech",Mobile Development,
Exploring the complexities of GraphQL queries reveals much about how Web Development operates.,educational,"graphql queries, web development, tech",Web Development,
A thorough understanding of Google Cloud Platform is vital for success in Cloud Computing.,educational,"google cloud platform, cloud computing, tech",Cloud Computing,
Exploring the complexities of Heuristic search reveals much about how Artificial Intelligence operates.,educational,"heuristic search, artificial intelligence, tech",Artificial Intelligence,
Mastering Cryptography requires patience and a strong background in Cybersecurity.,educational,"cryptography, cybersecurity, tech",Cybersecurity,
A thorough understanding of Supervised learning is vital for success in Artificial Intelligence.,educational,"supervised learning, artificial intelligence, tech",Artificial Intelligence,
The role of XSS protection within Cybersecurity cannot be overstated for future engineers.,educational,"xss protection, cybersecurity, tech",Cybersecurity,
Mastering Virtualization requires patience and a strong background in Cloud Computing.,educational,"virtualization, cloud computing, tech",Cloud Computing,
Integrating Buffer overflow into Cybersecurity workflows enhances overall system reliability.,educational,"buffer overflow, cybersecurity, tech",Cybersecurity,
Recent advancements in Artificial Intelligence have been driven by Decision trees innovations.,educational,"decision trees, artificial intelligence, tech",Artificial Intelligence,
A thorough understanding of Continuous Integration (CI/CD) is vital for success in Software Engineering.,educational,"continuous integration (ci/cd), software engineering, tech",Software Engineering,
Exploring the complexities of Matplotlib plots reveals much about how Data Science operates.,educational,"matplotlib plots, data science, tech",Data Science,
Can you explain the mechanism behind CSS Grid and Flexbox in the context of Web Development?,educational,"css grid and flexbox, web development, tech",Web Development,
Mastering Kotlin coroutines requires patience and a strong background in Mobile Development.,educational,"kotlin coroutines, mobile development, tech",Mobile Development,
Integrating Hypertext Transfer Protocol (HTTP) into Networking workflows enhances overall system reliability.,educational,"hypertext transfer protocol (http), networking, tech",Networking,
Mastering State management requires patience and a strong background in Web Development.,educational,"state management, web development, tech",Web Development,
Why is JavaScript frameworks considered a pillar of modern Web Development?,educational,"javascript frameworks, web development, tech",Web Development,
Can you explain the mechanism behind Natural language processing in the context of Artificial Intelligence?,educational,"natural language processing, artificial intelligence, tech",Artificial Intelligence,
Why is Progressive Web Apps (PWA) considered a pillar of modern Web Development?,educational,"progressive web apps (pwa), web development, tech",Web Development,
Integrating Overfitting prevention into Data Science workflows enhances overall system reliability.,educational,"overfitting prevention, data science, tech",Data Science,
A thorough understanding of Edge computing is vital for success in Cloud Computing.,educational,"edge computing, cloud computing, tech",Cloud Computing,
Exploring the complexities of R programming reveals much about how Data Science operates.,educational,"r programming, data science, tech",Data Science,
The role of Progressive Web Apps (PWA) within Web Development cannot be overstated for future engineers.,educational,"progressive web apps (pwa), web development, tech",Web Development,
Mastering Overfitting prevention requires patience and a strong background in Data Science.,educational,"overfitting prevention, data science, tech",Data Science,
The role of Transformers within Artificial Intelligence cannot be overstated for future engineers.,educational,"transformers, artificial intelligence, tech",Artificial Intelligence,
The role of End-to-point encryption within Cybersecurity cannot be overstated for future engineers.,educational,"end-to-point encryption, cybersecurity, tech",Cybersecurity,
Can you explain the mechanism behind Flutter widgets in the context of Mobile Development?,educational,"flutter widgets, mobile development, tech",Mobile Development,
Exploring the complexities of Two-factor authentication reveals much about how Cybersecurity operates.,educational,"two-factor authentication, cybersecurity, tech",Cybersecurity,
Exploring the complexities of Dry principle reveals much about how Software Engineering operates.,educational,"dry principle, software engineering, tech",Software Engineering,
Can you explain the mechanism behind Penetration testing in the context of Cybersecurity?,educational,"penetration testing, cybersecurity, tech",Cybersecurity,
Why is Decision trees considered a pillar of modern Artificial Intelligence?,educational,"decision trees, artificial intelligence, tech",Artificial Intelligence,
A thorough understanding of RESTful web services is vital for success in Web Development.,educational,"restful web services, web development, tech",Web Development,
Can you explain the mechanism behind Websockets in the context of Networking?,educational,"websockets, networking, tech",Networking,
Integrating Terraform modules into Cloud Computing workflows enhances overall system reliability.,educational,"terraform modules, cloud computing, tech",Cloud Computing,
Exploring the complexities of Port forwarding reveals much about how Networking operates.,educational,"port forwarding, networking, tech",Networking,
Recent advancements in Data Science have been driven by Data normalization innovations.,educational,"data normalization, data science, tech",Data Science,
Can you explain the mechanism behind Software development lifecycle in the context of Software Engineering?,educational,"software development lifecycle, software engineering, tech",Software Engineering,
Recent advancements in Networking have been driven by File Transfer Protocol (FTP) innovations.,educational,"file transfer protocol (ftp), networking, tech",Networking,
Can you explain the mechanism behind Identity and access management in the context of Cybersecurity?,educational,"identity and access management, cybersecurity, tech",Cybersecurity,
Can you explain the mechanism behind Load balancing in the context of Networking?,educational,"load balancing, networking, tech",Networking,
Recent advancements in Artificial Intelligence have been driven by Bayesian networks innovations.,educational,"bayesian networks, artificial intelligence, tech",Artificial Intelligence,
A thorough understanding of Domain driven design is vital for success in Software Engineering.,educational,"domain driven design, software engineering, tech",Software Engineering,
A thorough understanding of API documentation is vital for success in Software Engineering.,educational,"api documentation, software engineering, tech",Software Engineering,
A thorough understanding of Infrastructure as Code is vital for success in Cloud Computing.,educational,"infrastructure as code, cloud computing, tech",Cloud Computing,
Why is Server-side rendering considered a pillar of modern Web Development?,educational,"server-side rendering, web development, tech",Web Development,
Integrating Large Language Models into Artificial Intelligence workflows enhances overall system reliability.,educational,"large language models, artificial intelligence, tech",Artificial Intelligence,
Integrating Transformers into Artificial Intelligence workflows enhances overall system reliability.,educational,"transformers, artificial intelligence, tech",Artificial Intelligence,
A thorough understanding of DOM manipulation is vital for success in Web Development.,educational,"dom manipulation, web development, tech",Web Development,
A thorough understanding of CSS Grid and Flexbox is vital for success in Web Development.,educational,"css grid and flexbox, web development, tech",Web Development,
A thorough understanding of Azure functions is vital for success in Cloud Computing.,educational,"azure functions, cloud computing, tech",Cloud Computing,
The role of Network topology within Networking cannot be overstated for future engineers.,educational,"network topology, networking, tech",Networking,
Recent advancements in Web Development have been driven by GraphQL queries innovations.,educational,"graphql queries, web development, tech",Web Development,
Can you explain the mechanism behind GraphQL queries in the context of Web Development?,educational,"graphql queries, web development, tech",Web Development,
Why is Pandas library considered a pillar of modern Data Science?,educational,"pandas library, data science, tech",Data Science,
Exploring the complexities of Flutter widgets reveals much about how Mobile Development operates.,educational,"flutter widgets, mobile development, tech",Mobile Development,
Exploring the complexities of Mobile security reveals much about how Mobile Development operates.,educational,"mobile security, mobile development, tech",Mobile Development,
A thorough understanding of Firewall rules is vital for success in Cybersecurity.,educational,"firewall rules, cybersecurity, tech",Cybersecurity,
The role of SQL injection within Cybersecurity cannot be overstated for future engineers.,educational,"sql injection, cybersecurity, tech",Cybersecurity,
Integrating CSS Grid and Flexbox into Web Development workflows enhances overall system reliability.,educational,"css grid and flexbox, web development, tech",Web Development,
Exploring the complexities of Unit testing reveals much about how Software Engineering operates.,educational,"unit testing, software engineering, tech",Software Engineering,
Mastering Intrusion detection systems requires patience and a strong background in Cybersecurity.,educational,"intrusion detection systems, cybersecurity, tech",Cybersecurity,
Can you explain the mechanism behind NoSQL databases in the context of Data Science?,educational,"nosql databases, data science, tech",Data Science,
A thorough understanding of Network latency is vital for success in Networking.,educational,"network latency, networking, tech",Networking,
Recent advancements in Software Engineering have been driven by Microservices architecture innovations.,educational,"microservices architecture, software engineering, tech",Software Engineering,
The role of TypeScript typing within Web Development cannot be overstated for future engineers.,educational,"typescript typing, web development, tech",Web Development,
Exploring the complexities of TCP/IP protocols reveals much about how Networking operates.,educational,"tcp/ip protocols, networking, tech",Networking,
Exploring the complexities of Time series analysis reveals much about how Data Science operates.,educational,"time series analysis, data science, tech",Data Science,
A thorough understanding of Serverless computing is vital for success in Software Engineering.,educational,"serverless computing, software engineering, tech",Software Engineering,
A thorough understanding of Cybersecurity forensics is vital for success in Cybersecurity.,educational,"cybersecurity forensics, cybersecurity, tech",Cybersecurity,
Mastering TensorFlow requires patience and a strong background in Artificial Intelligence.,educational,"tensorflow, artificial intelligence, tech",Artificial Intelligence,
Exploring the complexities of Location services reveals much about how Mobile Development operates.,educational,"location services, mobile development, tech",Mobile Development,
Integrating Support vector machines into Artificial Intelligence workflows enhances overall system reliability.,educational,"support vector machines, artificial intelligence, tech",Artificial Intelligence,
Why is TensorFlow considered a pillar of modern Artificial Intelligence?,educational,"tensorflow, artificial intelligence, tech",Artificial Intelligence,
A thorough understanding of Mobile security is vital for success in Mobile Development.,educational,"mobile security, mobile development, tech",Mobile Development,
Recent advancements in Data Science have been driven by Exploratory data analysis innovations.,educational,"exploratory data analysis, data science, tech",Data Science,
Exploring the complexities of Network latency reveals much about how Networking operates.,educational,"network latency, networking, tech",Networking,
Recent advancements in Mobile Development have been driven by Mobile backend integration innovations.,educational,"mobile backend integration, mobile development, tech",Mobile Development,
Exploring the complexities of iOS Swift programming reveals much about how Mobile Development operates.,educational,"ios swift programming, mobile development, tech",Mobile Development,
The role of Subnetting within Networking cannot be overstated for future engineers.,educational,"subnetting, networking, tech",Networking,
A thorough understanding of Flutter widgets is vital for success in Mobile Development.,educational,"flutter widgets, mobile development, tech",Mobile Development,
Exploring the complexities of Hypertext Transfer Protocol (HTTP) reveals much about how Networking operates.,educational,"hypertext transfer protocol (http), networking, tech",Networking,
Can you explain the mechanism behind Push notifications in the context of Mobile Development?,educational,"push notifications, mobile development, tech",Mobile Development,
Why is XSS protection considered a pillar of modern Cybersecurity?,educational,"xss protection, cybersecurity, tech",Cybersecurity,
Recent advancements in Cloud Computing have been driven by Multi-cloud strategy innovations.,educational,"multi-cloud strategy, cloud computing, tech",Cloud Computing,
A thorough understanding of Reinforcement learning is vital for success in Artificial Intelligence.,educational,"reinforcement learning, artificial intelligence, tech",Artificial Intelligence,
A thorough understanding of Generative AI is vital for success in Artificial Intelligence.,educational,"generative ai, artificial intelligence, tech",Artificial Intelligence,
Exploring the complexities of PyTorch reveals much about how Artificial Intelligence operates.,educational,"pytorch, artificial intelligence, tech",Artificial Intelligence,
Mastering OSI model layers requires patience and a strong background in Networking.,educational,"osi model layers, networking, tech",Networking,
The role of Continuous Integration (CI/CD) within Software Engineering cannot be overstated for future engineers.,educational,"continuous integration (ci/cd), software engineering, tech",Software Engineering,
Recent advancements in Artificial Intelligence have been driven by Support vector machines innovations.,educational,"support vector machines, artificial intelligence, tech",Artificial Intelligence,
Why is Mobile security considered a pillar of modern Mobile Development?,educational,"mobile security, mobile development, tech",Mobile Development,
The role of Intrusion detection systems within Cybersecurity cannot be overstated for future engineers.,educational,"intrusion detection systems, cybersecurity, tech",Cybersecurity,
Mastering Virtual Private Networks (VPN) requires patience and a strong background in Networking.,educational,"virtual private networks (vpn), networking, tech",Networking,
The role of TensorFlow within Artificial Intelligence cannot be overstated for future engineers.,educational,"tensorflow, artificial intelligence, tech",Artificial Intelligence,
Why is Google Cloud Platform considered a pillar of modern Cloud Computing?,educational,"google cloud platform, cloud computing, tech",Cloud Computing,
Integrating End-to-point encryption into Cybersecurity workflows enhances overall system reliability.,educational,"end-to-point encryption, cybersecurity, tech",Cybersecurity,
Why is File Transfer Protocol (FTP) considered a pillar of modern Networking?,educational,"file transfer protocol (ftp), networking, tech",Networking,
Mastering AWS Lambda requires patience and a strong background in Cloud Computing.,educational,"aws lambda, cloud computing, tech",Cloud Computing,
The role of Two-factor authentication within Cybersecurity cannot be overstated for future engineers.,educational,"two-factor authentication, cybersecurity, tech",Cybersecurity,
Recent advancements in Cloud Computing have been driven by Elastic Load Balancing innovations.,educational,"elastic load balancing, cloud computing, tech",Cloud Computing,
Why is AI ethics considered a pillar of modern Artificial Intelligence?,educational,"ai ethics, artificial intelligence, tech",Artificial Intelligence,
The role of Heuristic search within Artificial Intelligence cannot be overstated for future engineers.,educational,"heuristic search, artificial intelligence, tech",Artificial Intelligence,
Integrating DNS resolution into Networking workflows enhances overall system reliability.,educational,"dns resolution, networking, tech",Networking,
Mastering Identity and access management requires patience and a strong background in Cybersecurity.,educational,"identity and access management, cybersecurity, tech",Cybersecurity,
The role of Location services within Mobile Development cannot be overstated for future engineers.,educational,"location services, mobile development, tech",Mobile Development,
Mastering JavaScript frameworks requires patience and a strong background in Web Development.,educational,"javascript frameworks, web development, tech",Web Development,
The role of API documentation within Software Engineering cannot be overstated for future engineers.,educational,"api documentation, software engineering, tech",Software Engineering,
Exploring the complexities of Identity and access management reveals much about how Cybersecurity operates.,educational,"identity and access management, cybersecurity, tech",Cybersecurity,
Integrating Matplotlib plots into Data Science workflows enhances overall system reliability.,educational,"matplotlib plots, data science, tech",Data Science,
Recent advancements in Networking have been driven by TCP/IP protocols innovations.,educational,"tcp/ip protocols, networking, tech",Networking,
Can you explain the mechanism behind Time series analysis in the context of Data Science?,educational,"time series analysis, data science, tech",Data Science,
The role of Gradient descent within Artificial Intelligence cannot be overstated for future engineers.,educational,"gradient descent, artificial intelligence, tech",Artificial Intelligence,
Can you explain the mechanism behind NumPy arrays in the context of Data Science?,educational,"numpy arrays, data science, tech",Data Science,
The role of GraphQL queries within Web Development cannot be overstated for future engineers.,educational,"graphql queries, web development, tech",Web Development,
Integrating Kubernetes clusters into Cloud Computing workflows enhances overall system reliability.,educational,"kubernetes clusters, cloud computing, tech",Cloud Computing,
A thorough understanding of Transformers is vital for success in Artificial Intelligence.,educational,"transformers, artificial intelligence, tech",Artificial Intelligence,
Exploring the complexities of Feature engineering reveals much about how Data Science operates.,educational,"feature engineering, data science, tech",Data Science,
Why is Scrum framework considered a pillar of modern Software Engineering?,educational,"scrum framework, software engineering, tech",Software Engineering,
Can you explain the mechanism behind React hooks in the context of Web Development?,educational,"react hooks, web development, tech",Web Development,
Integrating Gradient descent into Artificial Intelligence workflows enhances overall system reliability.,educational,"gradient descent, artificial intelligence, tech",Artificial Intelligence,
Exploring the complexities of Web accessibility reveals much about how Web Development operates.,educational,"web accessibility, web development, tech",Web Development,
Mastering Azure functions requires patience and a strong background in Cloud Computing.,educational,"azure functions, cloud computing, tech",Cloud Computing,
Why is App Store optimization considered a pillar of modern Mobile Development?,educational,"app store optimization, mobile development, tech",Mobile Development,
Can you explain the mechanism behind Cybersecurity forensics in the context of Cybersecurity?,educational,"cybersecurity forensics, cybersecurity, tech",Cybersecurity,
The role of Serverless computing within Software Engineering cannot be overstated for future engineers.,educational,"serverless computing, software engineering, tech",Software Engineering,
Recent advancements in Web Development have been driven by TypeScript typing innovations.,educational,"typescript typing, web development, tech",Web Development,
Integrating Virtualization into Cloud Computing workflows enhances overall system reliability.,educational,"virtualization, cloud computing, tech",Cloud Computing,
Recent advancements in Software Engineering have been driven by Dependency injection innovations.,educational,"dependency injection, software engineering, tech",Software Engineering,
Recent advancements in Artificial Intelligence have been driven by Bias in AI innovations.,educational,"bias in ai, artificial intelligence, tech",Artificial Intelligence,
Recent advancements in Web Development have been driven by JavaScript frameworks innovations.,educational,"javascript frameworks, web development, tech",Web Development,
Recent advancements in Software Engineering have been driven by Code refactoring innovations.,educational,"code refactoring, software engineering, tech",Software Engineering,
Mastering NumPy arrays requires patience and a strong background in Data Science.,educational,"numpy arrays, data science, tech",Data Science,
Recent advancements in Mobile Development have been driven by Mobile security innovations.,educational,"mobile security, mobile development, tech",Mobile Development,
Recent advancements in Mobile Development have been driven by React Native components innovations.,educational,"react native components, mobile development, tech",Mobile Development,
A thorough understanding of PyTorch is vital for success in Artificial Intelligence.,educational,"pytorch, artificial intelligence, tech",Artificial Intelligence,
Exploring the complexities of Pandas library reveals much about how Data Science operates.,educational,"pandas library, data science, tech",Data Science,
Mastering Bayesian networks requires patience and a strong background in Artificial Intelligence.,educational,"bayesian networks, artificial intelligence, tech",Artificial Intelligence,
A thorough understanding of IPv6 addressing is vital for success in Networking.,educational,"ipv6 addressing, networking, tech",Networking,
Recent advancements in Software Engineering have been driven by Design patterns innovations.,educational,"design patterns, software engineering, tech",Software Engineering,
A thorough understanding of Large Language Models is vital for success in Artificial Intelligence.,educational,"large language models, artificial intelligence, tech",Artificial Intelligence,
Integrating AWS Lambda into Cloud Computing workflows enhances overall system reliability.,educational,"aws lambda, cloud computing, tech",Cloud Computing,
Recent advancements in Cybersecurity have been driven by Man-in-the-middle attacks innovations.,educational,"man-in-the-middle attacks, cybersecurity, tech",Cybersecurity,
Why is Bias in AI considered a pillar of modern Artificial Intelligence?,educational,"bias in ai, artificial intelligence, tech",Artificial Intelligence,
Exploring the complexities of Cryptography reveals much about how Cybersecurity operates.,educational,"cryptography, cybersecurity, tech",Cybersecurity,
Can you explain the mechanism behind RESTful web services in the context of Web Development?,educational,"restful web services, web development, tech",Web Development,
Mastering R programming requires patience and a strong background in Data Science.,educational,"r programming, data science, tech",Data Science,
Mastering Agile methodology requires patience and a strong background in Software Engineering.,educational,"agile methodology, software engineering, tech",Software Engineering,
Can you explain the mechanism behind Pandas library in the context of Data Science?,educational,"pandas library, data science, tech",Data Science,
Integrating SQL queries into Data Science workflows enhances overall system reliability.,educational,"sql queries, data science, tech",Data Science,
Exploring the complexities of Secure Shell (SSH) reveals much about how Networking operates.,educational,"secure shell (ssh), networking, tech",Networking,
Mastering Mobile security requires patience and a strong background in Mobile Development.,educational,"mobile security, mobile development, tech",Mobile Development,
The role of Mobile backend integration within Mobile Development cannot be overstated for future engineers.,educational,"mobile backend integration, mobile development, tech",Mobile Development,
The role of Edge computing within Cloud Computing cannot be overstated for future engineers.,educational,"edge computing, cloud computing, tech",Cloud Computing,
Mastering Android SDK requires patience and a strong background in Mobile Development.,educational,"android sdk, mobile development, tech",Mobile Development,
Exploring the complexities of Social engineering reveals much about how Cybersecurity operates.,educational,"social engineering, cybersecurity, tech",Cybersecurity,
Integrating Underfitting into Data Science workflows enhances overall system reliability.,educational,"underfitting, data science, tech",Data Science,
Why is Port forwarding considered a pillar of modern Networking?,educational,"port forwarding, networking, tech",Networking,
Integrating Feature engineering into Data Science workflows enhances overall system reliability.,educational,"feature engineering, data science, tech",Data Science,
The role of Push notifications within Mobile Development cannot be overstated for future engineers.,educational,"push notifications, mobile development, tech",Mobile Development,
Recent advancements in Networking have been driven by Virtual Private Networks (VPN) innovations.,educational,"virtual private networks (vpn), networking, tech",Networking,
Integrating Cloud storage into Cloud Computing workflows enhances overall system reliability.,educational,"cloud storage, cloud computing, tech",Cloud Computing,
Integrating Kotlin coroutines into Mobile Development workflows enhances overall system reliability.,educational,"kotlin coroutines, mobile development, tech",Mobile Development,
Integrating NoSQL databases into Data Science workflows enhances overall system reliability.,educational,"nosql databases, data science, tech",Data Science,
Can you explain the mechanism behind Support vector machines in the context of Artificial Intelligence?,educational,"support vector machines, artificial intelligence, tech",Artificial Intelligence,
Recent advancements in Cybersecurity have been driven by Cryptography innovations.,educational,"cryptography, cybersecurity, tech",Cybersecurity,
Recent advancements in Artificial Intelligence have been driven by Unsupervised learning innovations.,educational,"unsupervised learning, artificial intelligence, tech",Artificial Intelligence,
The role of Cybersecurity forensics within Cybersecurity cannot be overstated for future engineers.,educational,"cybersecurity forensics, cybersecurity, tech",Cybersecurity,
The role of Feature engineering within Data Science cannot be overstated for future engineers.,educational,"feature engineering, data science, tech",Data Science,
Integrating Mobile UI/UX design into Mobile Development workflows enhances overall system reliability.,educational,"mobile ui/ux design, mobile development, tech",Mobile Development,
Integrating Mobile security into Mobile Development workflows enhances overall system reliability.,educational,"mobile security, mobile development, tech",Mobile Development,
Recent advancements in Cloud Computing have been driven by Virtualization innovations.,educational,"virtualization, cloud computing, tech",Cloud Computing,
The role of Scrum framework within Software Engineering cannot be overstated for future engineers.,educational,"scrum framework, software engineering, tech",Software Engineering,
Why is Matplotlib plots considered a pillar of modern Data Science?,educational,"matplotlib plots, data science, tech",Data Science,
Integrating Ransomware prevention into Cybersecurity workflows enhances overall system reliability.,educational,"ransomware prevention, cybersecurity, tech",Cybersecurity,
Why is Kotlin coroutines considered a pillar of modern Mobile Development?,educational,"kotlin coroutines, mobile development, tech",Mobile Development,
Mastering WebAssembly requires patience and a strong background in Web Development.,educational,"webassembly, web development, tech",Web Development,
Mastering BGP routing requires patience and a strong background in Networking.,educational,"bgp routing, networking, tech",Networking,
Why is Underfitting considered a pillar of modern Data Science?,educational,"underfitting, data science, tech",Data Science,
Exploring the complexities of Neural networks reveals much about how Artificial Intelligence operates.,educational,"neural networks, artificial intelligence, tech",Artificial Intelligence,
Mastering Infrastructure as Code requires patience and a strong background in Cloud Computing.,educational,"infrastructure as code, cloud computing, tech",Cloud Computing,
A thorough understanding of SQL queries is vital for success in Data Science.,educational,"sql queries, data science, tech",Data Science,
A thorough understanding of Code refactoring is vital for success in Software Engineering.,educational,"code refactoring, software engineering, tech",Software Engineering,
Integrating SaaS vs PaaS vs IaaS into Cloud Computing workflows enhances overall system reliability.,educational,"saas vs paas vs iaas, cloud computing, tech",Cloud Computing,
Integrating TensorFlow into Artificial Intelligence workflows enhances overall system reliability.,educational,"tensorflow, artificial intelligence, tech",Artificial Intelligence,
Recent advancements in Data Science have been driven by Feature engineering innovations.,educational,"feature engineering, data science, tech",Data Science,
Mastering SQL queries requires patience and a strong background in Data Science.,educational,"sql queries, data science, tech",Data Science,
Why is SQL injection considered a pillar of modern Cybersecurity?,educational,"sql injection, cybersecurity, tech",Cybersecurity,
The role of Dry principle within Software Engineering cannot be overstated for future engineers.,educational,"dry principle, software engineering, tech",Software Engineering,
Recent advancements in Cybersecurity have been driven by Malware analysis innovations.,educational,"malware analysis, cybersecurity, tech",Cybersecurity,
Why is Regression models considered a pillar of modern Data Science?,educational,"regression models, data science, tech",Data Science,
Integrating DOM manipulation into Web Development workflows enhances overall system reliability.,educational,"dom manipulation, web development, tech",Web Development,
A thorough understanding of Overfitting prevention is vital for success in Data Science.,educational,"overfitting prevention, data science, tech",Data Science,
Integrating BGP routing into Networking workflows enhances overall system reliability.,educational,"bgp routing, networking, tech",Networking,
A thorough understanding of Port forwarding is vital for success in Networking.,educational,"port forwarding, networking, tech",Networking,
Can you explain the mechanism behind DNS resolution in the context of Networking?,educational,"dns resolution, networking, tech",Networking,
A thorough understanding of Virtual Private Networks (VPN) is vital for success in Networking.,educational,"virtual private networks (vpn), networking, tech",Networking,
Why is Secure Shell (SSH) considered a pillar of modern Networking?,educational,"secure shell (ssh), networking, tech",Networking,
Recent advancements in Web Development have been driven by State management innovations.,educational,"state management, web development, tech",Web Development,
A thorough understanding of GraphQL queries is vital for success in Web Development.,educational,"graphql queries, web development, tech",Web Development,
A thorough understanding of Dry principle is vital for success in Software Engineering.,educational,"dry principle, software engineering, tech",Software Engineering,
Why is Azure functions considered a pillar of modern Cloud Computing?,educational,"azure functions, cloud computing, tech",Cloud Computing,
Why is Location services considered a pillar of modern Mobile Development?,educational,"location services, mobile development, tech",Mobile Development,
Can you explain the mechanism behind Exploratory data analysis in the context of Data Science?,educational,"exploratory data analysis, data science, tech",Data Science,
Recent advancements in Web Development have been driven by CSS Grid and Flexbox innovations.,educational,"css grid and flexbox, web development, tech",Web Development,
Mastering Cybersecurity forensics requires patience and a strong background in Cybersecurity.,educational,"cybersecurity forensics, cybersecurity, tech",Cybersecurity,
Mastering Backpropagation requires patience and a strong background in Artificial Intelligence.,educational,"backpropagation, artificial intelligence, tech",Artificial Intelligence,
Can you explain the mechanism behind HTML5 semantics in the context of Web Development?,educational,"html5 semantics, web development, tech",Web Development,
Why is Natural language processing considered a pillar of modern Artificial Intelligence?,educational,"natural language processing, artificial intelligence, tech",Artificial Intelligence,
Integrating Supervised learning into Artificial Intelligence workflows enhances overall system reliability.,educational,"supervised learning, artificial intelligence, tech",Artificial Intelligence,
Can you explain the mechanism behind Genetic algorithms in the context of Artificial Intelligence?,educational,"genetic algorithms, artificial intelligence, tech",Artificial Intelligence,
The role of Unit testing within Software Engineering cannot be overstated for future engineers.,educational,"unit testing, software engineering, tech",Software Engineering,
The role of CSS Grid and Flexbox within Web Development cannot be overstated for future engineers.,educational,"css grid and flexbox, web development, tech",Web Development,
Why is Mobile UI/UX design considered a pillar of modern Mobile Development?,educational,"mobile ui/ux design, mobile development, tech",Mobile Development,
Exploring the complexities of OSI model layers reveals much about how Networking operates.,educational,"osi model layers, networking, tech",Networking,
A thorough understanding of Data mining is vital for success in Data Science.,educational,"data mining, data science, tech",Data Science,
Why is HTML5 semantics considered a pillar of modern Web Development?,educational,"html5 semantics, web development, tech",Web Development,
A thorough understanding of Bias in AI is vital for success in Artificial Intelligence.,educational,"bias in ai, artificial intelligence, tech",Artificial Intelligence,
Recent advancements in Cloud Computing have been driven by Cloud storage innovations.,educational,"cloud storage, cloud computing, tech",Cloud Computing,
Can you explain the mechanism behind SaaS vs PaaS vs IaaS in the context of Cloud Computing?,educational,"saas vs paas vs iaas, cloud computing, tech",Cloud Computing,
Can you explain the mechanism behind App Store optimization in the context of Mobile Development?,educational,"app store optimization, mobile development, tech",Mobile Development,
Can you explain the mechanism behind Microservices architecture in the context of Software Engineering?,educational,"microservices architecture, software engineering, tech",Software Engineering,
Recent advancements in Software Engineering have been driven by API documentation innovations.,educational,"api documentation, software engineering, tech",Software Engineering,
Why is Heuristic search considered a pillar of modern Artificial Intelligence?,educational,"heuristic search, artificial intelligence, tech",Artificial Intelligence,
Exploring the complexities of Cybersecurity forensics reveals much about how Cybersecurity operates.,educational,"cybersecurity forensics, cybersecurity, tech",Cybersecurity,
Mastering Cloud security requires patience and a strong background in Cloud Computing.,educational,"cloud security, cloud computing, tech",Cloud Computing,
Why is TCP/IP protocols considered a pillar of modern Networking?,educational,"tcp/ip protocols, networking, tech",Networking,
Integrating Code refactoring into Software Engineering workflows enhances overall system reliability.,educational,"code refactoring, software engineering, tech",Software Engineering,
Why is Two-factor authentication considered a pillar of modern Cybersecurity?,educational,"two-factor authentication, cybersecurity, tech",Cybersecurity,
Exploring the complexities of Docker containers reveals much about how Cloud Computing operates.,educational,"docker containers, cloud computing, tech",Cloud Computing,
Why is Mobile backend integration considered a pillar of modern Mobile Development?,educational,"mobile backend integration, mobile development, tech",Mobile Development,
Recent advancements in Networking have been driven by OSI model layers innovations.,educational,"osi model layers, networking, tech",Networking,
Recent advancements in Cybersecurity have been driven by Identity and access management innovations.,educational,"identity and access management, cybersecurity, tech",Cybersecurity,
Why is Design patterns considered a pillar of modern Software Engineering?,educational,"design patterns, software engineering, tech",Software Engineering,
Integrating Regression models into Data Science workflows enhances overall system reliability.,educational,"regression models, data science, tech",Data Science,
Mastering DOM manipulation requires patience and a strong background in Web Development.,educational,"dom manipulation, web development, tech",Web Development,
Integrating App Store optimization into Mobile Development workflows enhances overall system reliability.,educational,"app store optimization, mobile development, tech",Mobile Development,
Why is React hooks considered a pillar of modern Web Development?,educational,"react hooks, web development, tech",Web Development,
I'm thinking about taking a class to learn more about trying a new pasta recipe.,non_educational,"trying a new pasta recipe, food & drink, lifestyle",Food & Drink,
I've made so many new friends while out visiting historical landmarks recently.,non_educational,"visiting historical landmarks, travel, lifestyle",Travel,
There's something uniquely satisfying about local food festivals at the end of the day.,non_educational,"local food festivals, food & drink, lifestyle",Food & Drink,
I can't wait to go waterfall hikes again; it was such a great experience.,non_educational,"waterfall hikes, nature, lifestyle",Nature,
I can't wait to go morning yoga routine again; it was such a great experience.,non_educational,"morning yoga routine, lifestyle, lifestyle",Lifestyle,
I can't wait to go tennis practice again; it was such a great experience.,non_educational,"tennis practice, sports & fitness, lifestyle",Sports & Fitness,
I've been looking for some new gear for my exploring caves hobby.,non_educational,"exploring caves, nature, lifestyle",Nature,
I can't wait to go marathon training again; it was such a great experience.,non_educational,"marathon training, sports & fitness, lifestyle",Sports & Fitness,
Spending time walking through meadows is my favorite way to spend a Saturday.,non_educational,"walking through meadows, nature, lifestyle",Nature,
I've made so many new friends while out surfing the waves recently.,non_educational,"surfing the waves, sports & fitness, lifestyle",Sports & Fitness,
There's something uniquely satisfying about gardening at the end of the day.,non_educational,"gardening, nature, lifestyle",Nature,
Does anyone have a favorite spot for beach sunsets?,non_educational,"beach sunsets, nature, lifestyle",Nature,
There's something uniquely satisfying about smoothie bowls at the end of the day.,non_educational,"smoothie bowls, food & drink, lifestyle",Food & Drink,
I can't wait to go walking through meadows again; it was such a great experience.,non_educational,"walking through meadows, nature, lifestyle",Nature,
I can't wait to go pottery workshops again; it was such a great experience.,non_educational,"pottery workshops, arts & crafts, lifestyle",Arts & Crafts,
Spending time bird watching is my favorite way to spend a Saturday.,non_educational,"bird watching, nature, lifestyle",Nature,
Spending time morning rituals is my favorite way to spend a Saturday.,non_educational,"morning rituals, lifestyle, lifestyle",Lifestyle,
I've been looking for some new gear for my personal finance tips hobby.,non_educational,"personal finance tips, lifestyle, lifestyle",Lifestyle,
I'm thinking about taking a class to learn more about local football matches.,non_educational,"local football matches, sports & fitness, lifestyle",Sports & Fitness,
Does anyone have a favorite spot for national parks?,non_educational,"national parks, nature, lifestyle",Nature,
I'm thinking about taking a class to learn more about embroidery.,non_educational,"embroidery, arts & crafts, lifestyle",Arts & Crafts,
I can't wait to go yoga stretching again; it was such a great experience.,non_educational,"yoga stretching, sports & fitness, lifestyle",Sports & Fitness,
I've made so many new friends while out oil painting recently.,non_educational,"oil painting, arts & crafts, lifestyle",Arts & Crafts,
There's something uniquely satisfying about crocheting at the end of the day.,non_educational,"crocheting, arts & crafts, lifestyle",Arts & Crafts,
I can't wait to go backpacking through europe again; it was such a great experience.,non_educational,"backpacking through europe, travel, lifestyle",Travel,
I've made so many new friends while out home organization recently.,non_educational,"home organization, lifestyle, lifestyle",Lifestyle,
I've made so many new friends while out forest bathing recently.,non_educational,"forest bathing, nature, lifestyle",Nature,
I can't wait to go luxury cruises again; it was such a great experience.,non_educational,"luxury cruises, travel, lifestyle",Travel,
I've been looking for some new gear for my road trips across the country hobby.,non_educational,"road trips across the country, travel, lifestyle",Travel,
There's something uniquely satisfying about beach sunsets at the end of the day.,non_educational,"beach sunsets, nature, lifestyle",Nature,
Setting up for pilates classes always makes me feel peaceful.,non_educational,"pilates classes, sports & fitness, lifestyle",Sports & Fitness,
Spending time river rafting is my favorite way to spend a Saturday.,non_educational,"river rafting, nature, lifestyle",Nature,
I can't wait to go cleaning hacks again; it was such a great experience.,non_educational,"cleaning hacks, lifestyle, lifestyle",Lifestyle,
I've been looking for some new gear for my oil painting hobby.,non_educational,"oil painting, arts & crafts, lifestyle",Arts & Crafts,
Does anyone have a favorite spot for morning rituals?,non_educational,"morning rituals, lifestyle, lifestyle",Lifestyle,
Does anyone have a favorite spot for learning a new language during travel?,non_educational,"learning a new language during travel, travel, lifestyle",Travel,
Setting up for pottery workshops always makes me feel peaceful.,non_educational,"pottery workshops, arts & crafts, lifestyle",Arts & Crafts,
I've been looking for some new gear for my museum tours hobby.,non_educational,"museum tours, travel, lifestyle",Travel,
Does anyone have a favorite spot for trying a new pasta recipe?,non_educational,"trying a new pasta recipe, food & drink, lifestyle",Food & Drink,
Setting up for camping trips always makes me feel peaceful.,non_educational,"camping trips, nature, lifestyle",Nature,
I've been looking for some new gear for my wine tasting hobby.,non_educational,"wine tasting, food & drink, lifestyle",Food & Drink,
I've been looking for some new gear for my luxury cruises hobby.,non_educational,"luxury cruises, travel, lifestyle",Travel,
Spending time mindfulness practice is my favorite way to spend a Saturday.,non_educational,"mindfulness practice, lifestyle, lifestyle",Lifestyle,
I've made so many new friends while out swimming laps recently.,non_educational,"swimming laps, sports & fitness, lifestyle",Sports & Fitness,
Setting up for river rafting always makes me feel peaceful.,non_educational,"river rafting, nature, lifestyle",Nature,
There's something uniquely satisfying about island hopping at the end of the day.,non_educational,"island hopping, travel, lifestyle",Travel,
Spending time baking sourdough bread is my favorite way to spend a Saturday.,non_educational,"baking sourdough bread, food & drink, lifestyle",Food & Drink,
I've been looking for some new gear for my island hopping hobby.,non_educational,"island hopping, travel, lifestyle",Travel,
I've been looking for some new gear for my visiting ancient ruins hobby.,non_educational,"visiting ancient ruins, travel, lifestyle",Travel,
I've been looking for some new gear for my trying a new pasta recipe hobby.,non_educational,"trying a new pasta recipe, food & drink, lifestyle",Food & Drink,
I've made so many new friends while out river rafting recently.,non_educational,"river rafting, nature, lifestyle",Nature,
I've been looking for some new gear for my surfing the waves hobby.,non_educational,"surfing the waves, sports & fitness, lifestyle",Sports & Fitness,
Setting up for gourmet desserts always makes me feel peaceful.,non_educational,"gourmet desserts, food & drink, lifestyle",Food & Drink,
I've made so many new friends while out waterfall hikes recently.,non_educational,"waterfall hikes, nature, lifestyle",Nature,
I've made so many new friends while out mindfulness practice recently.,non_educational,"mindfulness practice, lifestyle, lifestyle",Lifestyle,
I can't wait to go surfing the waves again; it was such a great experience.,non_educational,"surfing the waves, sports & fitness, lifestyle",Sports & Fitness,
Setting up for marathon training always makes me feel peaceful.,non_educational,"marathon training, sports & fitness, lifestyle",Sports & Fitness,
I've been looking for some new gear for my backpacking through europe hobby.,non_educational,"backpacking through europe, travel, lifestyle",Travel,
Spending time morning yoga routine is my favorite way to spend a Saturday.,non_educational,"morning yoga routine, lifestyle, lifestyle",Lifestyle,
I can't wait to go staying in eco-lodges again; it was such a great experience.,non_educational,"staying in eco-lodges, travel, lifestyle",Travel,
Spending time wine tasting is my favorite way to spend a Saturday.,non_educational,"wine tasting, food & drink, lifestyle",Food & Drink,
I'm thinking about taking a class to learn more about interior design ideas.,non_educational,"interior design ideas, lifestyle, lifestyle",Lifestyle,
Does anyone have a favorite spot for gardening?,non_educational,"gardening, nature, lifestyle",Nature,
I can't wait to go scrapbooking again; it was such a great experience.,non_educational,"scrapbooking, arts & crafts, lifestyle",Arts & Crafts,
I can't wait to go minimalist living again; it was such a great experience.,non_educational,"minimalist living, lifestyle, lifestyle",Lifestyle,
I've been looking for some new gear for my national parks hobby.,non_educational,"national parks, nature, lifestyle",Nature,
There's something uniquely satisfying about gourmet desserts at the end of the day.,non_educational,"gourmet desserts, food & drink, lifestyle",Food & Drink,
I've made so many new friends while out crocheting recently.,non_educational,"crocheting, arts & crafts, lifestyle",Arts & Crafts,
I can't wait to go meditation again; it was such a great experience.,non_educational,"meditation, lifestyle, lifestyle",Lifestyle,
I've been looking for some new gear for my cycling routes hobby.,non_educational,"cycling routes, sports & fitness, lifestyle",Sports & Fitness,
Setting up for interior design ideas always makes me feel peaceful.,non_educational,"interior design ideas, lifestyle, lifestyle",Lifestyle,
I'm thinking about taking a class to learn more about forest bathing.,non_educational,"forest bathing, nature, lifestyle",Nature,
There's something uniquely satisfying about vegetarian cooking at the end of the day.,non_educational,"vegetarian cooking, food & drink, lifestyle",Food & Drink,
I can't wait to go coffee brewing techniques again; it was such a great experience.,non_educational,"coffee brewing techniques, food & drink, lifestyle",Food & Drink,
Does anyone have a favorite spot for interior design ideas?,non_educational,"interior design ideas, lifestyle, lifestyle",Lifestyle,
Does anyone have a favorite spot for walking through meadows?,non_educational,"walking through meadows, nature, lifestyle",Nature,
Spending time meditation is my favorite way to spend a Saturday.,non_educational,"meditation, lifestyle, lifestyle",Lifestyle,
I've made so many new friends while out high-intensity interval training recently.,non_educational,"high-intensity interval training, sports & fitness, lifestyle",Sports & Fitness,
I've been looking for some new gear for my rock climbing hobby.,non_educational,"rock climbing, sports & fitness, lifestyle",Sports & Fitness,
There's something uniquely satisfying about interior design ideas at the end of the day.,non_educational,"interior design ideas, lifestyle, lifestyle",Lifestyle,
Does anyone have a favorite spot for river rafting?,non_educational,"river rafting, nature, lifestyle",Nature,
Does anyone have a favorite spot for fostering animals?,non_educational,"fostering animals, lifestyle, lifestyle",Lifestyle,
Does anyone have a favorite spot for swimming laps?,non_educational,"swimming laps, sports & fitness, lifestyle",Sports & Fitness,
I've made so many new friends while out meditation recently.,non_educational,"meditation, lifestyle, lifestyle",Lifestyle,
Spending time museum tours is my favorite way to spend a Saturday.,non_educational,"museum tours, travel, lifestyle",Travel,
Spending time gardening is my favorite way to spend a Saturday.,non_educational,"gardening, nature, lifestyle",Nature,
Setting up for tennis practice always makes me feel peaceful.,non_educational,"tennis practice, sports & fitness, lifestyle",Sports & Fitness,
I'm thinking about taking a class to learn more about hiking in the mountains.,non_educational,"hiking in the mountains, nature, lifestyle",Nature,
I can't wait to go wine tasting again; it was such a great experience.,non_educational,"wine tasting, food & drink, lifestyle",Food & Drink,
I've been looking for some new gear for my staying in eco-lodges hobby.,non_educational,"staying in eco-lodges, travel, lifestyle",Travel,
I can't wait to go cycling routes again; it was such a great experience.,non_educational,"cycling routes, sports & fitness, lifestyle",Sports & Fitness,
I'm thinking about taking a class to learn more about marathon training.,non_educational,"marathon training, sports & fitness, lifestyle",Sports & Fitness,
Setting up for stargazing in the desert always makes me feel peaceful.,non_educational,"stargazing in the desert, nature, lifestyle",Nature,
I've made so many new friends while out origami recently.,non_educational,"origami, arts & crafts, lifestyle",Arts & Crafts,
Spending time hiking trails is my favorite way to spend a Saturday.,non_educational,"hiking trails, sports & fitness, lifestyle",Sports & Fitness,
I've been looking for some new gear for my coffee brewing techniques hobby.,non_educational,"coffee brewing techniques, food & drink, lifestyle",Food & Drink,
Setting up for visiting historical landmarks always makes me feel peaceful.,non_educational,"visiting historical landmarks, travel, lifestyle",Travel,
Does anyone have a favorite spot for crocheting?,non_educational,"crocheting, arts & crafts, lifestyle",Arts & Crafts,
Does anyone have a favorite spot for volunteering abroad?,non_educational,"volunteering abroad, travel, lifestyle",Travel,
I'm thinking about taking a class to learn more about woodworking.,non_educational,"woodworking, arts & crafts, lifestyle",Arts & Crafts,
Does anyone have a favorite spot for backpacking through europe?,non_educational,"backpacking through europe, travel, lifestyle",Travel,
Setting up for vegetarian cooking always makes me feel peaceful.,non_educational,"vegetarian cooking, food & drink, lifestyle",Food & Drink,
I'm thinking about taking a class to learn more about walking through meadows.,non_educational,"walking through meadows, nature, lifestyle",Nature,
I'm thinking about taking a class to learn more about golfing.,non_educational,"golfing, sports & fitness, lifestyle",Sports & Fitness,
I can't wait to go origami again; it was such a great experience.,non_educational,"origami, arts & crafts, lifestyle",Arts & Crafts,
I can't wait to go embroidery again; it was such a great experience.,non_educational,"embroidery, arts & crafts, lifestyle",Arts & Crafts,
Setting up for swimming laps always makes me feel peaceful.,non_educational,"swimming laps, sports & fitness, lifestyle",Sports & Fitness,
Setting up for juicing fresh fruits always makes me feel peaceful.,non_educational,"juicing fresh fruits, food & drink, lifestyle",Food & Drink,
Spending time local food festivals is my favorite way to spend a Saturday.,non_educational,"local food festivals, food & drink, lifestyle",Food & Drink,
I can't wait to go island hopping again; it was such a great experience.,non_educational,"island hopping, travel, lifestyle",Travel,
Does anyone have a favorite spot for pottery workshops?,non_educational,"pottery workshops, arts & crafts, lifestyle",Arts & Crafts,
I've been looking for some new gear for my landscape photography hobby.,non_educational,"landscape photography, arts & crafts, lifestyle",Arts & Crafts,
I'm thinking about taking a class to learn more about mindfulness practice.,non_educational,"mindfulness practice, lifestyle, lifestyle",Lifestyle,
I've made so many new friends while out smoothie bowls recently.,non_educational,"smoothie bowls, food & drink, lifestyle",Food & Drink,
There's something uniquely satisfying about marathon training at the end of the day.,non_educational,"marathon training, sports & fitness, lifestyle",Sports & Fitness,
There's something uniquely satisfying about mindfulness practice at the end of the day.,non_educational,"mindfulness practice, lifestyle, lifestyle",Lifestyle,
I can't wait to go knitting a sweater again; it was such a great experience.,non_educational,"knitting a sweater, arts & crafts, lifestyle",Arts & Crafts,
I've been looking for some new gear for my golfing hobby.,non_educational,"golfing, sports & fitness, lifestyle",Sports & Fitness,
I'm thinking about taking a class to learn more about beach sunsets.,non_educational,"beach sunsets, nature, lifestyle",Nature,
I've been looking for some new gear for my barbeque parties hobby.,non_educational,"barbeque parties, food & drink, lifestyle",Food & Drink,
Does anyone have a favorite spot for cycling routes?,non_educational,"cycling routes, sports & fitness, lifestyle",Sports & Fitness,
I've been looking for some new gear for my marathon training hobby.,non_educational,"marathon training, sports & fitness, lifestyle",Sports & Fitness,
I can't wait to go diy home decor again; it was such a great experience.,non_educational,"diy home decor, arts & crafts, lifestyle",Arts & Crafts,
I've been looking for some new gear for my river rafting hobby.,non_educational,"river rafting, nature, lifestyle",Nature,
Does anyone have a favorite spot for fashion styling?,non_educational,"fashion styling, lifestyle, lifestyle",Lifestyle,
Setting up for jewelry making always makes me feel peaceful.,non_educational,"jewelry making, arts & crafts, lifestyle",Arts & Crafts,
I can't wait to go personal finance tips again; it was such a great experience.,non_educational,"personal finance tips, lifestyle, lifestyle",Lifestyle,
Does anyone have a favorite spot for minimalist living?,non_educational,"minimalist living, lifestyle, lifestyle",Lifestyle,
I've made so many new friends while out productivity journals recently.,non_educational,"productivity journals, lifestyle, lifestyle",Lifestyle,
There's something uniquely satisfying about staying in eco-lodges at the end of the day.,non_educational,"staying in eco-lodges, travel, lifestyle",Travel,
I've been looking for some new gear for my productivity journals hobby.,non_educational,"productivity journals, lifestyle, lifestyle",Lifestyle,
I've been looking for some new gear for my learning a new language during travel hobby.,non_educational,"learning a new language during travel, travel, lifestyle",Travel,
I'm thinking about taking a class to learn more about cleaning hacks.,non_educational,"cleaning hacks, lifestyle, lifestyle",Lifestyle,
Setting up for trying a new pasta recipe always makes me feel peaceful.,non_educational,"trying a new pasta recipe, food & drink, lifestyle",Food & Drink,
I've made so many new friends while out diy home decor recently.,non_educational,"diy home decor, arts & crafts, lifestyle",Arts & Crafts,
There's something uniquely satisfying about morning rituals at the end of the day.,non_educational,"morning rituals, lifestyle, lifestyle",Lifestyle,
I'm thinking about taking a class to learn more about visiting ancient ruins.,non_educational,"visiting ancient ruins, travel, lifestyle",Travel,
Spending time fostering animals is my favorite way to spend a Saturday.,non_educational,"fostering animals, lifestyle, lifestyle",Lifestyle,
Does anyone have a favorite spot for staying in eco-lodges?,non_educational,"staying in eco-lodges, travel, lifestyle",Travel,
There's something uniquely satisfying about bird watching at the end of the day.,non_educational,"bird watching, nature, lifestyle",Nature,
There's something uniquely satisfying about cycling routes at the end of the day.,non_educational,"cycling routes, sports & fitness, lifestyle",Sports & Fitness,
There's something uniquely satisfying about calligraphy at the end of the day.,non_educational,"calligraphy, arts & crafts, lifestyle",Arts & Crafts,
I've made so many new friends while out hiking in the mountains recently.,non_educational,"hiking in the mountains, nature, lifestyle",Nature,
I've been looking for some new gear for my jewelry making hobby.,non_educational,"jewelry making, arts & crafts, lifestyle",Arts & Crafts,
I've made so many new friends while out golfing recently.,non_educational,"golfing, sports & fitness, lifestyle",Sports & Fitness,
I can't wait to go calligraphy again; it was such a great experience.,non_educational,"calligraphy, arts & crafts, lifestyle",Arts & Crafts,
There's something uniquely satisfying about embroidery at the end of the day.,non_educational,"embroidery, arts & crafts, lifestyle",Arts & Crafts,
Setting up for coffee brewing techniques always makes me feel peaceful.,non_educational,"coffee brewing techniques, food & drink, lifestyle",Food & Drink,
I can't wait to go beach sunsets again; it was such a great experience.,non_educational,"beach sunsets, nature, lifestyle",Nature,
Does anyone have a favorite spot for home organization?,non_educational,"home organization, lifestyle, lifestyle",Lifestyle,
Does anyone have a favorite spot for visiting historical landmarks?,non_educational,"visiting historical landmarks, travel, lifestyle",Travel,
Spending time fashion styling is my favorite way to spend a Saturday.,non_educational,"fashion styling, lifestyle, lifestyle",Lifestyle,
Setting up for landscape photography always makes me feel peaceful.,non_educational,"landscape photography, arts & crafts, lifestyle",Arts & Crafts,
Setting up for crocheting always makes me feel peaceful.,non_educational,"crocheting, arts & crafts, lifestyle",Arts & Crafts,
Setting up for diy home decor always makes me feel peaceful.,non_educational,"diy home decor, arts & crafts, lifestyle",Arts & Crafts,
I've been looking for some new gear for my gardening hobby.,non_educational,"gardening, nature, lifestyle",Nature,
I'm thinking about taking a class to learn more about personal finance tips.,non_educational,"personal finance tips, lifestyle, lifestyle",Lifestyle,
I've made so many new friends while out gardening recently.,non_educational,"gardening, nature, lifestyle",Nature,
I can't wait to go rock climbing again; it was such a great experience.,non_educational,"rock climbing, sports & fitness, lifestyle",Sports & Fitness,
I'm thinking about taking a class to learn more about productivity journals.,non_educational,"productivity journals, lifestyle, lifestyle",Lifestyle,
Spending time embroidery is my favorite way to spend a Saturday.,non_educational,"embroidery, arts & crafts, lifestyle",Arts & Crafts,
Spending time rock climbing is my favorite way to spend a Saturday.,non_educational,"rock climbing, sports & fitness, lifestyle",Sports & Fitness,
I'm thinking about taking a class to learn more about pottery workshops.,non_educational,"pottery workshops, arts & crafts, lifestyle",Arts & Crafts,
I can't wait to go learning a new language during travel again; it was such a great experience.,non_educational,"learning a new language during travel, travel, lifestyle",Travel,
I've been looking for some new gear for my whale watching hobby.,non_educational,"whale watching, nature, lifestyle",Nature,
I've made so many new friends while out barbeque parties recently.,non_educational,"barbeque parties, food & drink, lifestyle",Food & Drink,
I've made so many new friends while out woodworking recently.,non_educational,"woodworking, arts & crafts, lifestyle",Arts & Crafts,
I'm thinking about taking a class to learn more about stargazing in the desert.,non_educational,"stargazing in the desert, nature, lifestyle",Nature,
Setting up for cleaning hacks always makes me feel peaceful.,non_educational,"cleaning hacks, lifestyle, lifestyle",Lifestyle,
I've been looking for some new gear for my bird watching hobby.,non_educational,"bird watching, nature, lifestyle",Nature,
Setting up for backpacking through europe always makes me feel peaceful.,non_educational,"backpacking through europe, travel, lifestyle",Travel,
There's something uniquely satisfying about woodworking at the end of the day.,non_educational,"woodworking, arts & crafts, lifestyle",Arts & Crafts,
I'm thinking about taking a class to learn more about cycling routes.,non_educational,"cycling routes, sports & fitness, lifestyle",Sports & Fitness,
There's something uniquely satisfying about basketball drills at the end of the day.,non_educational,"basketball drills, sports & fitness, lifestyle",Sports & Fitness,
I've been looking for some new gear for my smoothie bowls hobby.,non_educational,"smoothie bowls, food & drink, lifestyle",Food & Drink,
Setting up for walking through meadows always makes me feel peaceful.,non_educational,"walking through meadows, nature, lifestyle",Nature,
I'm thinking about taking a class to learn more about origami.,non_educational,"origami, arts & crafts, lifestyle",Arts & Crafts,
I've made so many new friends while out basketball drills recently.,non_educational,"basketball drills, sports & fitness, lifestyle",Sports & Fitness,
I've made so many new friends while out learning a new language during travel recently.,non_educational,"learning a new language during travel, travel, lifestyle",Travel,
I'm thinking about taking a class to learn more about volunteering abroad.,non_educational,"volunteering abroad, travel, lifestyle",Travel,
I'm thinking about taking a class to learn more about crocheting.,non_educational,"crocheting, arts & crafts, lifestyle",Arts & Crafts,
Does anyone have a favorite spot for tennis practice?,non_educational,"tennis practice, sports & fitness, lifestyle",Sports & Fitness,
I'm thinking about taking a class to learn more about knitting a sweater.,non_educational,"knitting a sweater, arts & crafts, lifestyle",Arts & Crafts,
Does anyone have a favorite spot for smoothie bowls?,non_educational,"smoothie bowls, food & drink, lifestyle",Food & Drink,
I've been looking for some new gear for my fashion styling hobby.,non_educational,"fashion styling, lifestyle, lifestyle",Lifestyle,
I've made so many new friends while out trying a new pasta recipe recently.,non_educational,"trying a new pasta recipe, food & drink, lifestyle",Food & Drink,
I'm thinking about taking a class to learn more about high-intensity interval training.,non_educational,"high-intensity interval training, sports & fitness, lifestyle",Sports & Fitness,
There's something uniquely satisfying about minimalist living at the end of the day.,non_educational,"minimalist living, lifestyle, lifestyle",Lifestyle,
I'm thinking about taking a class to learn more about backpacking through europe.,non_educational,"backpacking through europe, travel, lifestyle",Travel,
Does anyone have a favorite spot for knitting a sweater?,non_educational,"knitting a sweater, arts & crafts, lifestyle",Arts & Crafts,
Spending time exploring caves is my favorite way to spend a Saturday.,non_educational,"exploring caves, nature, lifestyle",Nature,
Setting up for road trips across the country always makes me feel peaceful.,non_educational,"road trips across the country, travel, lifestyle",Travel,
Does anyone have a favorite spot for cleaning hacks?,non_educational,"cleaning hacks, lifestyle, lifestyle",Lifestyle,
I've made so many new friends while out morning yoga routine recently.,non_educational,"morning yoga routine, lifestyle, lifestyle",Lifestyle,
I'm thinking about taking a class to learn more about rock climbing.,non_educational,"rock climbing, sports & fitness, lifestyle",Sports & Fitness,
Spending time calligraphy is my favorite way to spend a Saturday.,non_educational,"calligraphy, arts & crafts, lifestyle",Arts & Crafts,
I've been looking for some new gear for my high-intensity interval training hobby.,non_educational,"high-intensity interval training, sports & fitness, lifestyle",Sports & Fitness,
I'm thinking about taking a class to learn more about luxury cruises.,non_educational,"luxury cruises, travel, lifestyle",Travel,
There's something uniquely satisfying about waterfall hikes at the end of the day.,non_educational,"waterfall hikes, nature, lifestyle",Nature,
Spending time cycling routes is my favorite way to spend a Saturday.,non_educational,"cycling routes, sports & fitness, lifestyle",Sports & Fitness,
There's something uniquely satisfying about sketching in the park at the end of the day.,non_educational,"sketching in the park, arts & crafts, lifestyle",Arts & Crafts,
There's something uniquely satisfying about visiting historical landmarks at the end of the day.,non_educational,"visiting historical landmarks, travel, lifestyle",Travel,
I'm thinking about taking a class to learn more about street food adventures.,non_educational,"street food adventures, food & drink, lifestyle",Food & Drink,
Setting up for personal finance tips always makes me feel peaceful.,non_educational,"personal finance tips, lifestyle, lifestyle",Lifestyle,
Setting up for calligraphy always makes me feel peaceful.,non_educational,"calligraphy, arts & crafts, lifestyle",Arts & Crafts,
Spending time visiting historical landmarks is my favorite way to spend a Saturday.,non_educational,"visiting historical landmarks, travel, lifestyle",Travel,
Does anyone have a favorite spot for origami?,non_educational,"origami, arts & crafts, lifestyle",Arts & Crafts,
I've made so many new friends while out yoga stretching recently.,non_educational,"yoga stretching, sports & fitness, lifestyle",Sports & Fitness,
I've been looking for some new gear for my pilates classes hobby.,non_educational,"pilates classes, sports & fitness, lifestyle",Sports & Fitness,
I'm thinking about taking a class to learn more about camping trips.,non_educational,"camping trips, nature, lifestyle",Nature,
happy birthday,non-educational,,,
happy anniversary,non-educational,,,
happy anniversary,non-educational,,,
happy birthday,non-educational,,,
today is my birthday,non-educational,,,
i am from jaipur,non-educational,,,
heyy,non-educational,,,
hiii,non-educational,,,
heyy,non-educational,,,
happy birthday to me,non-educational,,,
please send payment to me on my number,non-educational,,,
please send payment on my number,non-educational,,,
please send payment on my number,non-educational,,,
this is punya and i will tell about resnet 50 ,educational,,,
jenkins is properly working now. for creating builds use the api route to trigger.,educational,,,
for jenkins trigger use api routes. those work better.,educational,,,
today i am gonna teach about how quant works ,educational,,,
i am happy today,non-educational,,,
it rained here,non-educational,,,
such a lovely day it is,non-educational,,,
i dont like this lady. i wish to brag today. ,non-educational,,,
heyyy this is me,non-educational,,,
i wish to go on a vacation,non-educational,,,
lets make a group here is my number 9873799189,non-educational,,,
here is my number 7897339278 call me,non-educational,,,
lets make a whatsapp grp,non-educational,,,
i am going on an internship in may.,non-educational,,,
"heyyy i am on a vacationnn
",non-educational,,,
hello there i wish to make a whatsapp group lets connect ,non-educational,,,
"lets make a project on kubernetes i will show you guys how we can build it 
 ",educational,,,
hellooo lets make panipuri ,non-educational,,,
helloo there this is my instagram. i make promotional reels. do  contact.,non-educational,,,
hello ,non-educational,,,
hello,non-educational,,,
heyyy i am on a vacation,non-educational,,,
hello,non-educational,,,
hello,non-educational,,,
hello,non-educational,,,
lets learn python,non-educational,,,
heyy,non-educational,,,
helloo,non-educational,,,
helloo,non-educational,,,
helloo,non-educational,,,
helloo,non-educational,,,
helloo,non-educational,,,
helloo,non-educational,,,
helloo,non-educational,,,
helloo,non-educational,,,
helloo,non-educational,,,
,non-educational,,,
,non-educational,,,
,non-educational,,,
,non-educational,,,
heyy,non-educational,,,
hello guys,non-educational,,,
heyyyyyy,non-educational,,,
helllloo,non-educational,,,
"jenkins can be used for great automation and many things can be done through it 
",non-educational,,,
lets make a project on jenkins i will show you guys how to do that,non-educational,,,
lets make a project on jenkins i will show you guys how we can build it using minikube,non-educational,,,
"Jenkins can automate CI/CD pipelines.

Example workflow:
1. Push code to GitHub
2. Jenkins triggers build
3. Docker image is created
4. Deployment happens automatically

This helps developers ship faster.",non-educational,,,
"Jenkins can automate CI/CD pipelines.

Example workflow:
1. Push code to GitHub
2. Jenkins triggers build
3. Docker image is created
4. Deployment happens automatically

This helps developers ship faster.",non-educational,,,
"Jenkins can automate CI/CD pipelines.

Example workflow:
1. Push code to GitHub
2. Jenkins triggers build
3. Docker image is created
4. Deployment happens automatically

This helps developers ship faster.",educational,,,
jenkins can be used for great automation and many great stuff. i can demonstrate that to you,educational,,,
helloo,non-educational,,,
"heyy we have got an intersship opportunity and you guys will get to learn a lot
",non-educational,,,
"heelloo,i am on a vacation",non-educational,,,
